<Anims>
 <anim name="enter" root="bestiary_entry" numframes="1000" framerate="40">
  <frame idx="0" w="103" h="218" x="0.308624" y="-65.957520">
   <element name="bestiary_entry" layername="bestiary_entry_bg" frame="2" z_index="9" m_a="1.000000" m_b="0.000000" m_c="0.000000" m_d="1.000000" m_tx="0.308624" m_ty="-65.957512"/>
   <element name="bestiary_entry" layername="bestiary" frame="3" z_index="8" m_a="1.000000" m_b="0.000000" m_c="0.000000" m_d="1.000000" m_tx="-0.642214" m_ty="-75.439240"/>
  </frame>
  <frame idx="25" w="103" h="205" x="0.308624" y="-53.621269">
   <element name="bestiary_entry" layername="bestiary_entry_bg" frame="2" z_index="9" m_a="1.000000" m_b="0.000000" m_c="0.000000" m_d="1.000000" m_tx="0.308624" m_ty="-53.621269"/>
   <element name="bestiary_entry" layername="bestiary" frame="3" z_index="8" m_a="1.000000" m_b="0.000000" m_c="0.000000" m_d="1.000000" m_tx="-0.451473" m_ty="-61.863819"/>
  </frame>
  <frame idx="50" w="103" h="192" x="0.308624" y="-41.285019">
   <element name="bestiary_entry" layername="bestiary_entry_bg" frame="2" z_index="9" m_a="1.000000" m_b="0.000000" m_c="0.000000" m_d="1.000000" m_tx="0.308624" m_ty="-41.285023"/>
   <element name="bestiary_entry" layername="bestiary" frame="3" z_index="8" m_a="1.000000" m_b="0.000000" m_c="0.000000" m_d="1.000000" m_tx="-0.260732" m_ty="-48.288399"/>
  </frame>
  <frame idx="75" w="103" h="178" x="0.308624" y="-28.948776">
   <element name="bestiary_entry" layername="bestiary_entry_bg" frame="2" z_index="9" m_a="1.000000" m_b="0.000000" m_c="0.000000" m_d="1.000000" m_tx="0.308624" m_ty="-28.948776"/>
   <element name="bestiary_entry" layername="bestiary" frame="3" z_index="8" m_a="1.000000" m_b="0.000000" m_c="0.000000" m_d="1.000000" m_tx="-0.069992" m_ty="-34.712978"/>
  </frame>
  <frame idx="100" w="103" h="164" x="0.308624" y="-16.612534">
   <element name="bestiary_entry" layername="bestiary_entry_bg" frame="2" z_index="9" m_a="1.000000" m_b="0.000000" m_c="0.000000" m_d="1.000000" m_tx="0.308624" m_ty="-16.612534"/>
   <element name="bestiary_entry" layername="bestiary" frame="3" z_index="8" m_a="1.000000" m_b="0.000000" m_c="0.000000" m_d="1.000000" m_tx="0.120749" m_ty="-21.137562"/>
  </frame>
  <frame idx="125" w="103" h="151" x="0.308624" y="-4.276291">
   <element name="bestiary_entry" layername="bestiary_entry_bg" frame="2" z_index="9" m_a="1.000000" m_b="0.000000" m_c="0.000000" m_d="1.000000" m_tx="0.308624" m_ty="-4.276291"/>
   <element name="bestiary_entry" layername="bestiary" frame="3" z_index="8" m_a="1.000000" m_b="0.000000" m_c="0.000000" m_d="1.000000" m_tx="0.311490" m_ty="-7.562141"/>
  </frame>
  <frame idx="150" w="103" h="137" x="0.308624" y="8.059959">
   <element name="bestiary_entry" layername="bestiary_entry_bg" frame="2" z_index="9" m_a="1.000000" m_b="0.000000" m_c="0.000000" m_d="1.000000" m_tx="0.308624" m_ty="8.059959"/>
   <element name="bestiary_entry" layername="bestiary" frame="3" z_index="8" m_a="1.000000" m_b="0.000000" m_c="0.000000" m_d="1.000000" m_tx="0.502231" m_ty="6.013283"/>
  </frame>
  <frame idx="175" w="103" h="124" x="0.308624" y="20.396202">
   <element name="bestiary_entry" layername="bestiary_entry_bg" frame="2" z_index="9" m_a="1.000000" m_b="0.000000" m_c="0.000000" m_d="1.000000" m_tx="0.308624" m_ty="20.396202"/>
   <element name="bestiary_entry" layername="bestiary" frame="3" z_index="8" m_a="1.000000" m_b="0.000000" m_c="0.000000" m_d="1.000000" m_tx="0.692972" m_ty="19.588699"/>
  </frame>
  <frame idx="200" w="103" h="110" x="0.308624" y="32.732445">
   <element name="bestiary_entry" layername="bestiary_entry_bg" frame="2" z_index="9" m_a="1.000000" m_b="0.000000" m_c="0.000000" m_d="1.000000" m_tx="0.308624" m_ty="32.732445"/>
   <element name="bestiary_entry" layername="bestiary" frame="3" z_index="8" m_a="1.000000" m_b="0.000000" m_c="0.000000" m_d="1.000000" m_tx="0.883713" m_ty="33.164116"/>
  </frame>
  <frame idx="225" w="103" h="96" x="0.308624" y="45.068687">
   <element name="bestiary_entry" layername="bestiary_entry_bg" frame="2" z_index="9" m_a="1.000000" m_b="0.000000" m_c="0.000000" m_d="1.000000" m_tx="0.308624" m_ty="45.068687"/>
   <element name="bestiary_entry" layername="bestiary" frame="3" z_index="8" m_a="1.000000" m_b="0.000000" m_c="0.000000" m_d="1.000000" m_tx="1.074453" m_ty="46.739540"/>
  </frame>
  <frame idx="250" w="102" h="95" x="-0.552517" y="50.305256">
   <element name="bestiary_entry" layername="bestiary_entry_bg" frame="2" z_index="9" m_a="0.981481" m_b="0.000000" m_c="0.000000" m_d="1.030035" m_tx="0.308624" m_ty="48.322971"/>
   <element name="bestiary_entry" layername="bestiary" frame="3" z_index="8" m_a="0.959217" m_b="0.000000" m_c="0.000000" m_d="1.050378" m_tx="1.104972" m_ty="50.448189"/>
  </frame>
  <frame idx="275" w="101" h="96" x="-1.577686" y="54.189503">
   <element name="bestiary_entry" layername="bestiary_entry_bg" frame="2" z_index="9" m_a="0.959434" m_b="0.000000" m_c="0.000000" m_d="1.065790" m_tx="0.308624" m_ty="49.847363"/>
   <element name="bestiary_entry" layername="bestiary" frame="3" z_index="8" m_a="0.910666" m_b="0.000000" m_c="0.000000" m_d="1.110353" m_tx="1.104972" m_ty="52.277454"/>
  </frame>
  <frame idx="300" w="99" h="97" x="-2.602856" y="58.073765">
   <element name="bestiary_entry" layername="bestiary_entry_bg" frame="2" z_index="9" m_a="0.937388" m_b="0.000000" m_c="0.000000" m_d="1.101546" m_tx="0.308624" m_ty="51.371754"/>
   <element name="bestiary_entry" layername="bestiary" frame="3" z_index="8" m_a="0.862115" m_b="0.000000" m_c="0.000000" m_d="1.170327" m_tx="1.104972" m_ty="54.106724"/>
  </frame>
  <frame idx="325" w="99" h="97" x="-2.390892" y="57.270649">
   <element name="bestiary_entry" layername="bestiary_entry_bg" frame="2" z_index="9" m_a="0.941946" m_b="0.000000" m_c="0.000000" m_d="1.094153" m_tx="0.308624" m_ty="51.056568"/>
   <element name="bestiary_entry" layername="bestiary" frame="3" z_index="8" m_a="0.872154" m_b="0.000000" m_c="0.000000" m_d="1.157927" m_tx="1.104972" m_ty="53.728504"/>
   <element name="bestiary_entry" layername="bestiary_entry_lightbulb" frame="1" z_index="7" m_a="0.384323" m_b="0.110888" m_c="-0.034131" m_d="0.118294" m_tx="16.295109" m_ty="68.387703"/>
  </frame>
  <frame idx="350" w="102" h="96" x="-1.206894" y="52.784607">
   <element name="bestiary_entry" layername="bestiary_entry_bg" frame="2" z_index="9" m_a="0.967408" m_b="0.000000" m_c="0.000000" m_d="1.052858" m_tx="0.308624" m_ty="49.296005"/>
   <element name="bestiary_entry" layername="bestiary" frame="3" z_index="8" m_a="0.928227" m_b="0.000000" m_c="0.000000" m_d="1.088661" m_tx="1.104972" m_ty="51.615826"/>
   <element name="bestiary_entry" layername="bestiary_entry_lightbulb" frame="1" z_index="7" m_a="0.384323" m_b="0.110888" m_c="-0.082501" m_d="0.285936" m_tx="17.712280" m_ty="63.046059"/>
  </frame>
  <frame idx="375" w="103" h="95" x="-0.022896" y="48.298573">
   <element name="bestiary_entry" layername="bestiary_entry_bg" frame="2" z_index="9" m_a="0.992871" m_b="0.000000" m_c="0.000000" m_d="1.011563" m_tx="0.308624" m_ty="47.535442"/>
   <element name="bestiary_entry" layername="bestiary" frame="3" z_index="8" m_a="0.984300" m_b="0.000000" m_c="0.000000" m_d="1.019395" m_tx="1.104972" m_ty="49.503151"/>
   <element name="bestiary_entry" layername="bestiary_entry_lightbulb" frame="1" z_index="7" m_a="0.384323" m_b="0.110888" m_c="-0.130871" m_d="0.453579" m_tx="19.129452" m_ty="57.704414"/>
  </frame>
  <frame idx="400" w="103" h="94" x="0.308624" y="47.042484">
   <element name="bestiary_entry" layername="bestiary_entry_bg" frame="2" z_index="9" m_a="1.000000" m_b="0.000000" m_c="0.000000" m_d="1.000000" m_tx="0.308624" m_ty="47.042484"/>
   <element name="bestiary_entry" layername="bestiary" frame="3" z_index="8" m_a="1.000000" m_b="0.000000" m_c="0.000000" m_d="1.000000" m_tx="1.104972" m_ty="48.911602"/>
   <element name="bestiary_entry" layername="bestiary_entry_lightbulb" frame="1" z_index="7" m_a="0.384323" m_b="0.110888" m_c="-0.132345" m_d="0.458688" m_tx="19.526260" m_ty="56.208752"/>
  </frame>
  <frame idx="425" w="103" h="94" x="0.308624" y="47.042484">
   <element name="bestiary_entry" layername="bestiary_entry_bg" frame="2" z_index="9" m_a="1.000000" m_b="0.000000" m_c="0.000000" m_d="1.000000" m_tx="0.308624" m_ty="47.042484"/>
   <element name="bestiary_entry" layername="bestiary" frame="3" z_index="8" m_a="1.000000" m_b="0.000000" m_c="0.000000" m_d="1.000000" m_tx="1.104972" m_ty="48.911602"/>
   <element name="bestiary_entry" layername="bestiary_entry_lightbulb" frame="1" z_index="7" m_a="0.384323" m_b="0.110888" m_c="-0.115582" m_d="0.400590" m_tx="19.526260" m_ty="56.208752"/>
  </frame>
  <frame idx="450" w="103" h="94" x="0.308624" y="47.042484">
   <element name="bestiary_entry" layername="bestiary_entry_bg" frame="2" z_index="9" m_a="1.000000" m_b="0.000000" m_c="0.000000" m_d="1.000000" m_tx="0.308624" m_ty="47.042484"/>
   <element name="bestiary_entry" layername="bestiary" frame="3" z_index="8" m_a="1.000000" m_b="0.000000" m_c="0.000000" m_d="1.000000" m_tx="1.104972" m_ty="48.911602"/>
   <element name="bestiary_entry" layername="bestiary_entry_lightbulb" frame="1" z_index="7" m_a="0.384323" m_b="0.110888" m_c="-0.110888" m_d="0.384323" m_tx="19.526260" m_ty="56.208752"/>
  </frame>
  <frame idx="475" w="103" h="94" x="0.308624" y="47.042484">
   <element name="bestiary_entry" layername="bestiary_entry_bg" frame="2" z_index="9" m_a="1.000000" m_b="0.000000" m_c="0.000000" m_d="1.000000" m_tx="0.308624" m_ty="47.042484"/>
   <element name="bestiary_entry" layername="bestiary" frame="3" z_index="8" m_a="1.000000" m_b="0.000000" m_c="0.000000" m_d="1.000000" m_tx="1.104972" m_ty="48.911602"/>
   <element name="bestiary_entry" layername="bestiary_entry_lightbulb" frame="1" z_index="7" m_a="0.384323" m_b="0.110888" m_c="-0.110888" m_d="0.384323" m_tx="19.526260" m_ty="56.208752"/>
  </frame>
  <frame idx="500" w="103" h="94" x="0.308624" y="47.042484">
   <element name="bestiary_entry" layername="bestiary_entry_bg" frame="2" z_index="9" m_a="1.000000" m_b="0.000000" m_c="0.000000" m_d="1.000000" m_tx="0.308624" m_ty="47.042484"/>
   <element name="bestiary_entry" layername="bestiary" frame="3" z_index="8" m_a="1.000000" m_b="0.000000" m_c="0.000000" m_d="1.000000" m_tx="1.104972" m_ty="48.911602"/>
   <element name="bestiary_entry" layername="bestiary_entry_lightbulb" frame="1" z_index="7" m_a="0.384323" m_b="0.110888" m_c="-0.110888" m_d="0.384323" m_tx="19.526260" m_ty="56.208752"/>
  </frame>
  <frame idx="525" w="103" h="94" x="0.308624" y="47.042484">
   <element name="bestiary_entry" layername="bestiary_entry_bg" frame="2" z_index="9" m_a="1.000000" m_b="0.000000" m_c="0.000000" m_d="1.000000" m_tx="0.308624" m_ty="47.042484"/>
   <element name="bestiary_entry" layername="bestiary" frame="3" z_index="8" m_a="1.000000" m_b="0.000000" m_c="0.000000" m_d="1.000000" m_tx="1.104972" m_ty="48.911602"/>
   <element name="bestiary_entry" layername="bestiary_entry_lightbulb" frame="1" z_index="7" m_a="0.384323" m_b="0.110888" m_c="-0.110888" m_d="0.384323" m_tx="19.526260" m_ty="56.208752"/>
  </frame>
  <frame idx="550" w="103" h="94" x="0.308624" y="47.042484">
   <element name="bestiary_entry" layername="bestiary_entry_bg" frame="2" z_index="9" m_a="1.000000" m_b="0.000000" m_c="0.000000" m_d="1.000000" m_tx="0.308624" m_ty="47.042484"/>
   <element name="bestiary_entry" layername="bestiary" frame="3" z_index="8" m_a="1.000000" m_b="0.000000" m_c="0.000000" m_d="1.000000" m_tx="1.104972" m_ty="48.911602"/>
   <element name="bestiary_entry" layername="bestiary_entry_lightbulb" frame="1" z_index="7" m_a="0.384323" m_b="0.110888" m_c="-0.110888" m_d="0.384323" m_tx="19.526260" m_ty="56.208752"/>
  </frame>
  <frame idx="575" w="103" h="94" x="0.308624" y="47.042484">
   <element name="bestiary_entry" layername="bestiary_entry_bg" frame="2" z_index="9" m_a="1.000000" m_b="0.000000" m_c="0.000000" m_d="1.000000" m_tx="0.308624" m_ty="47.042484"/>
   <element name="bestiary_entry" layername="bestiary" frame="3" z_index="8" m_a="1.000000" m_b="0.000000" m_c="0.000000" m_d="1.000000" m_tx="1.104972" m_ty="48.911602"/>
   <element name="bestiary_entry" layername="bestiary_entry_lightbulb" frame="1" z_index="7" m_a="0.384323" m_b="0.110888" m_c="-0.110888" m_d="0.384323" m_tx="19.526260" m_ty="56.208752"/>
  </frame>
  <frame idx="600" w="103" h="94" x="0.308624" y="47.042484">
   <element name="bestiary_entry" layername="bestiary_entry_bg" frame="2" z_index="9" m_a="1.000000" m_b="0.000000" m_c="0.000000" m_d="1.000000" m_tx="0.308624" m_ty="47.042484"/>
   <element name="bestiary_entry" layername="bestiary" frame="3" z_index="8" m_a="1.000000" m_b="0.000000" m_c="0.000000" m_d="1.000000" m_tx="1.104972" m_ty="48.911602"/>
   <element name="bestiary_entry" layername="bestiary_entry_lightbulb" frame="1" z_index="7" m_a="0.384323" m_b="0.110888" m_c="-0.110888" m_d="0.384323" m_tx="19.526260" m_ty="56.208752"/>
  </frame>
  <frame idx="625" w="103" h="94" x="0.308624" y="47.042484">
   <element name="bestiary_entry" layername="bestiary_entry_bg" frame="2" z_index="9" m_a="1.000000" m_b="0.000000" m_c="0.000000" m_d="1.000000" m_tx="0.308624" m_ty="47.042484"/>
   <element name="bestiary_entry" layername="bestiary" frame="3" z_index="8" m_a="1.000000" m_b="0.000000" m_c="0.000000" m_d="1.000000" m_tx="1.104972" m_ty="48.911602"/>
   <element name="bestiary_entry" layername="bestiary_entry_lightbulb" frame="1" z_index="7" m_a="0.384323" m_b="0.110888" m_c="-0.110888" m_d="0.384323" m_tx="19.526260" m_ty="56.208752"/>
  </frame>
  <frame idx="650" w="103" h="94" x="0.308624" y="47.042484">
   <element name="bestiary_entry" layername="bestiary_entry_bg" frame="2" z_index="9" m_a="1.000000" m_b="0.000000" m_c="0.000000" m_d="1.000000" m_tx="0.308624" m_ty="47.042484"/>
   <element name="bestiary_entry" layername="bestiary" frame="3" z_index="8" m_a="1.000000" m_b="0.000000" m_c="0.000000" m_d="1.000000" m_tx="1.104972" m_ty="48.911602"/>
   <element name="bestiary_entry" layername="bestiary_entry_lightbulb" frame="1" z_index="7" m_a="0.384323" m_b="0.110888" m_c="-0.110888" m_d="0.384323" m_tx="19.526260" m_ty="56.208752"/>
  </frame>
  <frame idx="675" w="103" h="94" x="0.308624" y="47.042484">
   <element name="bestiary_entry" layername="bestiary_entry_bg" frame="2" z_index="9" m_a="1.000000" m_b="0.000000" m_c="0.000000" m_d="1.000000" m_tx="0.308624" m_ty="47.042484"/>
   <element name="bestiary_entry" layername="bestiary" frame="3" z_index="8" m_a="1.000000" m_b="0.000000" m_c="0.000000" m_d="1.000000" m_tx="1.104972" m_ty="48.911602"/>
   <element name="bestiary_entry" layername="bestiary_entry_lightbulb" frame="1" z_index="7" m_a="0.384323" m_b="0.110888" m_c="-0.110888" m_d="0.384323" m_tx="19.526260" m_ty="56.208752"/>
  </frame>
  <frame idx="700" w="103" h="94" x="0.308624" y="47.042484">
   <element name="bestiary_entry" layername="bestiary_entry_bg" frame="2" z_index="9" m_a="1.000000" m_b="0.000000" m_c="0.000000" m_d="1.000000" m_tx="0.308624" m_ty="47.042484"/>
   <element name="bestiary_entry" layername="bestiary" frame="3" z_index="8" m_a="1.000000" m_b="0.000000" m_c="0.000000" m_d="1.000000" m_tx="1.104972" m_ty="48.911602"/>
   <element name="bestiary_entry" layername="bestiary_entry_lightbulb" frame="1" z_index="7" m_a="0.384323" m_b="0.110888" m_c="-0.110888" m_d="0.384323" m_tx="19.526260" m_ty="56.208752"/>
  </frame>
  <frame idx="725" w="103" h="94" x="0.308624" y="47.042484">
   <element name="bestiary_entry" layername="bestiary_entry_bg" frame="2" z_index="9" m_a="1.000000" m_b="0.000000" m_c="0.000000" m_d="1.000000" m_tx="0.308624" m_ty="47.042484"/>
   <element name="bestiary_entry" layername="bestiary" frame="3" z_index="8" m_a="1.000000" m_b="0.000000" m_c="0.000000" m_d="1.000000" m_tx="1.104972" m_ty="48.911602"/>
   <element name="bestiary_entry" layername="bestiary_entry_lightbulb" frame="1" z_index="7" m_a="0.384323" m_b="0.110888" m_c="-0.110888" m_d="0.384323" m_tx="19.526260" m_ty="56.208752"/>
  </frame>
  <frame idx="750" w="103" h="94" x="0.308624" y="47.042484">
   <element name="bestiary_entry" layername="bestiary_entry_bg" frame="2" z_index="9" m_a="1.000000" m_b="0.000000" m_c="0.000000" m_d="1.000000" m_tx="0.308624" m_ty="47.042484"/>
   <element name="bestiary_entry" layername="bestiary" frame="3" z_index="8" m_a="1.000000" m_b="0.000000" m_c="0.000000" m_d="1.000000" m_tx="1.104972" m_ty="48.911602"/>
   <element name="bestiary_entry" layername="bestiary_entry_lightbulb" frame="1" z_index="7" m_a="0.384323" m_b="0.110888" m_c="-0.110888" m_d="0.384323" m_tx="19.526260" m_ty="56.208752"/>
  </frame>
  <frame idx="775" w="103" h="94" x="0.308624" y="47.042484">
   <element name="bestiary_entry" layername="bestiary_entry_bg" frame="2" z_index="9" m_a="1.000000" m_b="0.000000" m_c="0.000000" m_d="1.000000" m_tx="0.308624" m_ty="47.042484"/>
   <element name="bestiary_entry" layername="bestiary" frame="3" z_index="8" m_a="1.000000" m_b="0.000000" m_c="0.000000" m_d="1.000000" m_tx="1.104972" m_ty="48.911602"/>
   <element name="bestiary_entry" layername="bestiary_entry_lightbulb" frame="1" z_index="7" m_a="0.384323" m_b="0.110888" m_c="-0.110888" m_d="0.384323" m_tx="19.526260" m_ty="56.208752"/>
  </frame>
  <frame idx="800" w="103" h="94" x="0.308624" y="47.042484">
   <element name="bestiary_entry" layername="bestiary_entry_bg" frame="2" z_index="9" m_a="1.000000" m_b="0.000000" m_c="0.000000" m_d="1.000000" m_tx="0.308624" m_ty="47.042484"/>
   <element name="bestiary_entry" layername="bestiary" frame="3" z_index="8" m_a="1.000000" m_b="0.000000" m_c="0.000000" m_d="1.000000" m_tx="1.104972" m_ty="48.911602"/>
   <element name="bestiary_entry" layername="bestiary_entry_lightbulb" frame="1" z_index="7" m_a="0.384323" m_b="0.110888" m_c="-0.110888" m_d="0.384323" m_tx="19.526260" m_ty="56.208752"/>
  </frame>
  <frame idx="825" w="103" h="94" x="0.308624" y="47.042484">
   <element name="bestiary_entry" layername="bestiary_entry_bg" frame="2" z_index="9" m_a="1.000000" m_b="0.000000" m_c="0.000000" m_d="1.000000" m_tx="0.308624" m_ty="47.042484"/>
   <element name="bestiary_entry" layername="bestiary" frame="3" z_index="8" m_a="1.000000" m_b="0.000000" m_c="0.000000" m_d="1.000000" m_tx="1.104972" m_ty="48.911602"/>
   <element name="bestiary_entry" layername="bestiary_entry_lightbulb" frame="1" z_index="7" m_a="0.384323" m_b="0.110888" m_c="-0.110888" m_d="0.384323" m_tx="19.526260" m_ty="56.208752"/>
  </frame>
  <frame idx="850" w="103" h="94" x="0.308624" y="47.042484">
   <element name="bestiary_entry" layername="bestiary_entry_bg" frame="2" z_index="9" m_a="1.000000" m_b="0.000000" m_c="0.000000" m_d="1.000000" m_tx="0.308624" m_ty="47.042484"/>
   <element name="bestiary_entry" layername="bestiary" frame="3" z_index="8" m_a="1.000000" m_b="0.000000" m_c="0.000000" m_d="1.000000" m_tx="1.104972" m_ty="48.911602"/>
   <element name="bestiary_entry" layername="bestiary_entry_lightbulb" frame="1" z_index="7" m_a="0.384323" m_b="0.110888" m_c="-0.110888" m_d="0.384323" m_tx="19.526260" m_ty="56.208752"/>
  </frame>
  <frame idx="875" w="103" h="94" x="0.308624" y="47.042484">
   <element name="bestiary_entry" layername="bestiary_entry_bg" frame="2" z_index="9" m_a="1.000000" m_b="0.000000" m_c="0.000000" m_d="1.000000" m_tx="0.308624" m_ty="47.042484"/>
   <element name="bestiary_entry" layername="bestiary" frame="3" z_index="8" m_a="1.000000" m_b="0.000000" m_c="0.000000" m_d="1.000000" m_tx="1.104972" m_ty="48.911602"/>
   <element name="bestiary_entry" layername="bestiary_entry_lightbulb" frame="1" z_index="7" m_a="0.384323" m_b="0.110888" m_c="-0.110888" m_d="0.384323" m_tx="19.526260" m_ty="56.208752"/>
  </frame>
  <frame idx="900" w="103" h="94" x="0.308624" y="47.042484">
   <element name="bestiary_entry" layername="bestiary_entry_bg" frame="2" z_index="9" m_a="1.000000" m_b="0.000000" m_c="0.000000" m_d="1.000000" m_tx="0.308624" m_ty="47.042484"/>
   <element name="bestiary_entry" layername="bestiary" frame="3" z_index="8" m_a="1.000000" m_b="0.000000" m_c="0.000000" m_d="1.000000" m_tx="1.104972" m_ty="48.911602"/>
   <element name="bestiary_entry" layername="bestiary_entry_lightbulb" frame="1" z_index="7" m_a="0.384323" m_b="0.110888" m_c="-0.110888" m_d="0.384323" m_tx="19.526260" m_ty="56.208752"/>
  </frame>
  <frame idx="925" w="103" h="94" x="0.308624" y="47.042484">
   <element name="bestiary_entry" layername="bestiary_entry_bg" frame="2" z_index="9" m_a="1.000000" m_b="0.000000" m_c="0.000000" m_d="1.000000" m_tx="0.308624" m_ty="47.042484"/>
   <element name="bestiary_entry" layername="bestiary" frame="3" z_index="8" m_a="1.000000" m_b="0.000000" m_c="0.000000" m_d="1.000000" m_tx="1.104972" m_ty="48.911602"/>
   <element name="bestiary_entry" layername="bestiary_entry_lightbulb" frame="1" z_index="7" m_a="0.384323" m_b="0.110888" m_c="-0.110888" m_d="0.384323" m_tx="19.526260" m_ty="56.208752"/>
  </frame>
  <frame idx="950" w="103" h="94" x="0.308624" y="47.042484">
   <element name="bestiary_entry" layername="bestiary_entry_bg" frame="2" z_index="9" m_a="1.000000" m_b="0.000000" m_c="0.000000" m_d="1.000000" m_tx="0.308624" m_ty="47.042484"/>
   <element name="bestiary_entry" layername="bestiary" frame="3" z_index="8" m_a="1.000000" m_b="0.000000" m_c="0.000000" m_d="1.000000" m_tx="1.104972" m_ty="48.911602"/>
   <element name="bestiary_entry" layername="bestiary_entry_lightbulb" frame="1" z_index="7" m_a="0.384323" m_b="0.110888" m_c="-0.110888" m_d="0.384323" m_tx="19.526260" m_ty="56.208752"/>
  </frame>
  <frame idx="975" w="103" h="94" x="0.308624" y="47.042484">
   <element name="bestiary_entry" layername="bestiary_entry_bg" frame="2" z_index="9" m_a="1.000000" m_b="0.000000" m_c="0.000000" m_d="1.000000" m_tx="0.308624" m_ty="47.042484"/>
   <element name="bestiary_entry" layername="bestiary" frame="3" z_index="8" m_a="1.000000" m_b="0.000000" m_c="0.000000" m_d="1.000000" m_tx="1.104972" m_ty="48.911602"/>
   <element name="bestiary_entry" layername="bestiary_entry_lightbulb" frame="1" z_index="7" m_a="0.384323" m_b="0.110888" m_c="-0.110888" m_d="0.384323" m_tx="19.526260" m_ty="56.208752"/>
  </frame>
 </anim>
 <anim name="exit" root="bestiary_entry" numframes="500" framerate="40">
  <frame idx="0" w="103" h="94" x="0.308624" y="47.042484">
   <element name="bestiary_entry" layername="bestiary_entry_bg" frame="2" z_index="9" m_a="1.000000" m_b="0.000000" m_c="0.000000" m_d="1.000000" m_tx="0.308624" m_ty="47.042484"/>
   <element name="bestiary_entry" layername="bestiary" frame="3" z_index="8" m_a="1.000000" m_b="0.000000" m_c="0.000000" m_d="1.000000" m_tx="1.104972" m_ty="48.911602"/>
   <element name="bestiary_entry" layername="bestiary_entry_lightbulb" frame="1" z_index="7" m_a="0.384323" m_b="0.110888" m_c="-0.110888" m_d="0.384323" m_tx="19.526260" m_ty="56.208752"/>
  </frame>
  <frame idx="25" w="103" h="95" x="-0.226204" y="49.659981">
   <element name="bestiary_entry" layername="bestiary_entry_bg" frame="2" z_index="9" m_a="0.988498" m_b="0.000000" m_c="0.000000" m_d="1.023491" m_tx="0.308624" m_ty="48.109558"/>
   <element name="bestiary_entry" layername="bestiary" frame="3" z_index="8" m_a="0.988498" m_b="0.000000" m_c="0.000000" m_d="1.023491" m_tx="1.095813" m_ty="50.022583"/>
   <element name="bestiary_entry" layername="bestiary_entry_lightbulb" frame="1" z_index="7" m_a="0.404053" m_b="0.116581" m_c="-0.095069" m_d="0.329497" m_tx="18.798502" m_ty="59.475815"/>
  </frame>
  <frame idx="50" w="102" h="95" x="-0.761032" y="52.277485">
   <element name="bestiary_entry" layername="bestiary_entry_bg" frame="2" z_index="9" m_a="0.976997" m_b="0.000000" m_c="0.000000" m_d="1.046983" m_tx="0.308624" m_ty="49.176632"/>
   <element name="bestiary_entry" layername="bestiary" frame="3" z_index="8" m_a="0.976997" m_b="0.000000" m_c="0.000000" m_d="1.046983" m_tx="1.086653" m_ty="51.133564"/>
   <element name="bestiary_entry" layername="bestiary_entry_lightbulb" frame="1" z_index="7" m_a="0.423783" m_b="0.122274" m_c="-0.079250" m_d="0.274671" m_tx="18.070744" m_ty="62.742878"/>
  </frame>
  <frame idx="75" w="102" h="96" x="-1.295860" y="54.894981">
   <element name="bestiary_entry" layername="bestiary_entry_bg" frame="2" z_index="9" m_a="0.965495" m_b="0.000000" m_c="0.000000" m_d="1.070474" m_tx="0.308624" m_ty="50.243706"/>
   <element name="bestiary_entry" layername="bestiary" frame="3" z_index="8" m_a="0.965495" m_b="0.000000" m_c="0.000000" m_d="1.070474" m_tx="1.077494" m_ty="52.244545"/>
   <element name="bestiary_entry" layername="bestiary_entry_lightbulb" frame="1" z_index="7" m_a="0.443513" m_b="0.127966" m_c="-0.063432" m_d="0.219845" m_tx="17.342985" m_ty="66.009941"/>
  </frame>
  <frame idx="100" w="101" h="96" x="-1.830688" y="57.512482">
   <element name="bestiary_entry" layername="bestiary_entry_bg" frame="2" z_index="9" m_a="0.953993" m_b="0.000000" m_c="0.000000" m_d="1.093965" m_tx="0.308624" m_ty="51.310776"/>
   <element name="bestiary_entry" layername="bestiary" frame="3" z_index="8" m_a="0.953993" m_b="0.000000" m_c="0.000000" m_d="1.093965" m_tx="1.068334" m_ty="53.355526"/>
   <element name="bestiary_entry" layername="bestiary_entry_lightbulb" frame="1" z_index="7" m_a="0.463243" m_b="0.133659" m_c="-0.047613" m_d="0.165019" m_tx="16.615227" m_ty="69.277008"/>
  </frame>
  <frame idx="125" w="101" h="97" x="-2.365517" y="60.129986">
   <element name="bestiary_entry" layername="bestiary_entry_bg" frame="2" z_index="9" m_a="0.942492" m_b="0.000000" m_c="0.000000" m_d="1.117457" m_tx="0.308624" m_ty="52.377850"/>
   <element name="bestiary_entry" layername="bestiary" frame="3" z_index="8" m_a="0.942492" m_b="0.000000" m_c="0.000000" m_d="1.117457" m_tx="1.059175" m_ty="54.466507"/>
   <element name="bestiary_entry" layername="bestiary_entry_lightbulb" frame="1" z_index="7" m_a="0.482974" m_b="0.139352" m_c="-0.031794" m_d="0.110193" m_tx="15.887467" m_ty="72.544067"/>
  </frame>
  <frame idx="150" w="99" h="97" x="-2.900345" y="62.747490">
   <element name="bestiary_entry" layername="bestiary_entry_bg" frame="2" z_index="9" m_a="0.930990" m_b="0.000000" m_c="0.000000" m_d="1.140948" m_tx="0.308624" m_ty="53.444923"/>
   <element name="bestiary_entry" layername="bestiary" frame="3" z_index="8" m_a="0.930990" m_b="0.000000" m_c="0.000000" m_d="1.140948" m_tx="1.050015" m_ty="55.577488"/>
   <element name="bestiary_entry" layername="bestiary_entry_lightbulb" frame="1" z_index="7" m_a="0.502704" m_b="0.145045" m_c="-0.015975" m_d="0.055367" m_tx="15.159708" m_ty="75.811127"/>
  </frame>
  <frame idx="175" w="98" h="106" x="-3.551708" y="57.765404">
   <element name="bestiary_entry" layername="bestiary_entry_bg" frame="2" z_index="9" m_a="0.916982" m_b="0.000000" m_c="0.000000" m_d="1.162743" m_tx="0.308624" m_ty="47.024384"/>
   <element name="bestiary_entry" layername="bestiary" frame="3" z_index="8" m_a="0.921683" m_b="0.000000" m_c="0.000000" m_d="1.157375" m_tx="1.042604" m_ty="54.195072"/>
   <element name="bestiary_entry" layername="bestiary_entry_lightbulb" frame="1" z_index="7" m_a="0.513753" m_b="0.148232" m_c="-0.007117" m_d="0.024665" m_tx="14.752164" m_ty="77.640686"/>
  </frame>
  <frame idx="200" w="98" h="125" x="-4.351387" y="43.111122">
   <element name="bestiary_entry" layername="bestiary_entry_bg" frame="2" z_index="9" m_a="0.899785" m_b="0.000000" m_c="0.000000" m_d="1.182378" m_tx="0.308624" m_ty="31.074158"/>
   <element name="bestiary_entry" layername="bestiary" frame="3" z_index="8" m_a="0.915171" m_b="0.000000" m_c="0.000000" m_d="1.164811" m_tx="1.037418" m_ty="49.639236"/>
  </frame>
  <frame idx="225" w="97" h="145" x="-5.151066" y="28.456856">
   <element name="bestiary_entry" layername="bestiary_entry_bg" frame="2" z_index="9" m_a="0.882587" m_b="0.000000" m_c="0.000000" m_d="1.202014" m_tx="0.308624" m_ty="15.123932"/>
   <element name="bestiary_entry" layername="bestiary" frame="3" z_index="8" m_a="0.908658" m_b="0.000000" m_c="0.000000" m_d="1.172247" m_tx="1.032232" m_ty="45.083401"/>
  </frame>
  <frame idx="250" w="96" h="163" x="-5.950745" y="13.802582">
   <element name="bestiary_entry" layername="bestiary_entry_bg" frame="2" z_index="9" m_a="0.865390" m_b="0.000000" m_c="0.000000" m_d="1.221650" m_tx="0.308624" m_ty="-0.826294"/>
   <element name="bestiary_entry" layername="bestiary" frame="3" z_index="8" m_a="0.902145" m_b="0.000000" m_c="0.000000" m_d="1.179683" m_tx="1.027045" m_ty="40.527565"/>
  </frame>
  <frame idx="275" w="95" h="182" x="-6.750423" y="-0.851700">
   <element name="bestiary_entry" layername="bestiary_entry_bg" frame="2" z_index="9" m_a="0.848193" m_b="0.000000" m_c="0.000000" m_d="1.241285" m_tx="0.308624" m_ty="-16.776524"/>
   <element name="bestiary_entry" layername="bestiary" frame="3" z_index="8" m_a="0.895633" m_b="0.000000" m_c="0.000000" m_d="1.187119" m_tx="1.021859" m_ty="35.971729"/>
  </frame>
  <frame idx="300" w="94" h="206" x="-7.550102" y="-11.429665">
   <element name="bestiary_entry" layername="bestiary_entry_bg" frame="2" z_index="9" m_a="0.830995" m_b="0.000000" m_c="0.000000" m_d="1.260921" m_tx="0.308624" m_ty="-32.726749"/>
   <element name="bestiary_entry" layername="bestiary" frame="3" z_index="8" m_a="0.889120" m_b="0.000000" m_c="0.000000" m_d="1.194555" m_tx="1.016673" m_ty="31.415894"/>
  </frame>
  <frame idx="325" w="94" h="220" x="-8.349781" y="-30.160248">
   <element name="bestiary_entry" layername="bestiary_entry_bg" frame="2" z_index="9" m_a="0.813798" m_b="0.000000" m_c="0.000000" m_d="1.280556" m_tx="0.308624" m_ty="-48.676975"/>
   <element name="bestiary_entry" layername="bestiary" frame="3" z_index="8" m_a="0.854827" m_b="0.000000" m_c="0.000000" m_d="1.233710" m_tx="0.989364" m_ty="-0.022877"/>
  </frame>
  <frame idx="350" w="93" h="239" x="-9.149460" y="-44.814514">
   <element name="bestiary_entry" layername="bestiary_entry_bg" frame="2" z_index="9" m_a="0.796600" m_b="0.000000" m_c="0.000000" m_d="1.300192" m_tx="0.308624" m_ty="-64.627197"/>
   <element name="bestiary_entry" layername="bestiary" frame="3" z_index="8" m_a="0.820534" m_b="0.000000" m_c="0.000000" m_d="1.272865" m_tx="0.962055" m_ty="-31.461647"/>
  </frame>
  <frame idx="375" w="92" h="258" x="-9.949139" y="-59.468788">
   <element name="bestiary_entry" layername="bestiary_entry_bg" frame="2" z_index="9" m_a="0.779403" m_b="0.000000" m_c="0.000000" m_d="1.319828" m_tx="0.308624" m_ty="-80.577423"/>
   <element name="bestiary_entry" layername="bestiary" frame="3" z_index="8" m_a="0.786241" m_b="0.000000" m_c="0.000000" m_d="1.312020" m_tx="0.934746" m_ty="-62.900414"/>
  </frame>
  <frame idx="400" w="92" h="266" x="-10.269009" y="-65.330505">
   <element name="bestiary_entry" layername="bestiary_entry_bg" frame="2" z_index="9" m_a="0.772524" m_b="0.000000" m_c="0.000000" m_d="1.327682" m_tx="0.308624" m_ty="-86.957512"/>
   <element name="bestiary_entry" layername="bestiary" frame="3" z_index="8" m_a="0.772524" m_b="0.000000" m_c="0.000000" m_d="1.327682" m_tx="0.923822" m_ty="-75.475922"/>
  </frame>
  <frame idx="425" w="92" h="266" x="-10.269009" y="-65.330505">
   <element name="bestiary_entry" layername="bestiary_entry_bg" frame="2" z_index="9" m_a="0.772524" m_b="0.000000" m_c="0.000000" m_d="1.327682" m_tx="0.308624" m_ty="-86.957512"/>
   <element name="bestiary_entry" layername="bestiary" frame="3" z_index="8" m_a="0.772524" m_b="0.000000" m_c="0.000000" m_d="1.327682" m_tx="0.923822" m_ty="-75.475922"/>
  </frame>
  <frame idx="450" w="92" h="266" x="-10.269009" y="-65.330505">
   <element name="bestiary_entry" layername="bestiary_entry_bg" frame="2" z_index="9" m_a="0.772524" m_b="0.000000" m_c="0.000000" m_d="1.327682" m_tx="0.308624" m_ty="-86.957512"/>
   <element name="bestiary_entry" layername="bestiary" frame="3" z_index="8" m_a="0.772524" m_b="0.000000" m_c="0.000000" m_d="1.327682" m_tx="0.923822" m_ty="-75.475922"/>
  </frame>
  <frame idx="475" w="92" h="266" x="-10.269009" y="-65.330505">
   <element name="bestiary_entry" layername="bestiary_entry_bg" frame="2" z_index="9" m_a="0.772524" m_b="0.000000" m_c="0.000000" m_d="1.327682" m_tx="0.308624" m_ty="-86.957512"/>
   <element name="bestiary_entry" layername="bestiary" frame="3" z_index="8" m_a="0.772524" m_b="0.000000" m_c="0.000000" m_d="1.327682" m_tx="0.923822" m_ty="-75.475922"/>
  </frame>
 </anim>
 <anim name="idle" root="bestiary_entry" numframes="2000" framerate="40">
  <frame idx="0" w="103" h="94" x="0.308624" y="47.042484">
   <element name="bestiary_entry" layername="bestiary_entry_bg" frame="2" z_index="9" m_a="1.000000" m_b="0.000000" m_c="0.000000" m_d="1.000000" m_tx="0.308624" m_ty="47.042484"/>
   <element name="bestiary_entry" layername="bestiary" frame="3" z_index="8" m_a="1.000000" m_b="0.000000" m_c="0.000000" m_d="1.000000" m_tx="1.104972" m_ty="48.911602"/>
   <element name="bestiary_entry" layername="bestiary_entry_lightbulb" frame="1" z_index="7" m_a="0.395089" m_b="0.062486" m_c="-0.062486" m_d="0.395089" m_tx="19.526260" m_ty="56.208752"/>
  </frame>
  <frame idx="25" w="103" h="94" x="0.308624" y="47.042484">
   <element name="bestiary_entry" layername="bestiary_entry_bg" frame="2" z_index="9" m_a="1.000000" m_b="0.000000" m_c="0.000000" m_d="1.000000" m_tx="0.308624" m_ty="47.042484"/>
   <element name="bestiary_entry" layername="bestiary" frame="3" z_index="8" m_a="0.999848" m_b="-0.017452" m_c="0.017452" m_d="0.999848" m_tx="1.104972" m_ty="48.911602"/>
   <element name="bestiary_entry" layername="bestiary_entry_lightbulb" frame="1" z_index="7" m_a="0.395089" m_b="0.062486" m_c="-0.062486" m_d="0.395089" m_tx="19.501261" m_ty="56.358753"/>
  </frame>
  <frame idx="50" w="103" h="94" x="0.308624" y="47.042484">
   <element name="bestiary_entry" layername="bestiary_entry_bg" frame="2" z_index="9" m_a="1.000000" m_b="0.000000" m_c="0.000000" m_d="1.000000" m_tx="0.308624" m_ty="47.042484"/>
   <element name="bestiary_entry" layername="bestiary" frame="3" z_index="8" m_a="0.999391" m_b="-0.034899" m_c="0.034899" m_d="0.999391" m_tx="1.104972" m_ty="48.911602"/>
   <element name="bestiary_entry" layername="bestiary_entry_lightbulb" frame="1" z_index="7" m_a="0.395089" m_b="0.062486" m_c="-0.062486" m_d="0.395089" m_tx="19.476261" m_ty="56.508751"/>
  </frame>
  <frame idx="75" w="103" h="94" x="0.308624" y="47.042484">
   <element name="bestiary_entry" layername="bestiary_entry_bg" frame="2" z_index="9" m_a="1.000000" m_b="0.000000" m_c="0.000000" m_d="1.000000" m_tx="0.308624" m_ty="47.042484"/>
   <element name="bestiary_entry" layername="bestiary" frame="3" z_index="8" m_a="0.998630" m_b="-0.052336" m_c="0.052336" m_d="0.998630" m_tx="1.104972" m_ty="48.911602"/>
   <element name="bestiary_entry" layername="bestiary_entry_lightbulb" frame="1" z_index="7" m_a="0.395089" m_b="0.062486" m_c="-0.062486" m_d="0.395089" m_tx="19.451260" m_ty="56.658752"/>
  </frame>
  <frame idx="100" w="103" h="94" x="0.308624" y="47.042484">
   <element name="bestiary_entry" layername="bestiary_entry_bg" frame="2" z_index="9" m_a="1.000000" m_b="0.000000" m_c="0.000000" m_d="1.000000" m_tx="0.308624" m_ty="47.042484"/>
   <element name="bestiary_entry" layername="bestiary" frame="3" z_index="8" m_a="0.997564" m_b="-0.069756" m_c="0.069756" m_d="0.997564" m_tx="1.104972" m_ty="48.911602"/>
   <element name="bestiary_entry" layername="bestiary_entry_lightbulb" frame="1" z_index="7" m_a="0.395089" m_b="0.062486" m_c="-0.062486" m_d="0.395089" m_tx="19.426260" m_ty="56.808750"/>
  </frame>
  <frame idx="125" w="103" h="94" x="0.308624" y="47.042484">
   <element name="bestiary_entry" layername="bestiary_entry_bg" frame="2" z_index="9" m_a="1.000000" m_b="0.000000" m_c="0.000000" m_d="1.000000" m_tx="0.308624" m_ty="47.042484"/>
   <element name="bestiary_entry" layername="bestiary" frame="3" z_index="8" m_a="0.996195" m_b="-0.087156" m_c="0.087156" m_d="0.996195" m_tx="1.104972" m_ty="48.911602"/>
   <element name="bestiary_entry" layername="bestiary_entry_lightbulb" frame="1" z_index="7" m_a="0.395089" m_b="0.062486" m_c="-0.062486" m_d="0.395089" m_tx="19.401260" m_ty="56.958752"/>
  </frame>
  <frame idx="150" w="103" h="94" x="0.308624" y="47.042484">
   <element name="bestiary_entry" layername="bestiary_entry_bg" frame="2" z_index="9" m_a="1.000000" m_b="0.000000" m_c="0.000000" m_d="1.000000" m_tx="0.308624" m_ty="47.042484"/>
   <element name="bestiary_entry" layername="bestiary" frame="3" z_index="8" m_a="0.994522" m_b="-0.104528" m_c="0.104528" m_d="0.994522" m_tx="1.104972" m_ty="48.911602"/>
   <element name="bestiary_entry" layername="bestiary_entry_lightbulb" frame="1" z_index="7" m_a="0.395089" m_b="0.062486" m_c="-0.062486" m_d="0.395089" m_tx="19.376261" m_ty="57.108753"/>
  </frame>
  <frame idx="175" w="103" h="94" x="0.308624" y="47.042484">
   <element name="bestiary_entry" layername="bestiary_entry_bg" frame="2" z_index="9" m_a="1.000000" m_b="0.000000" m_c="0.000000" m_d="1.000000" m_tx="0.308624" m_ty="47.042484"/>
   <element name="bestiary_entry" layername="bestiary" frame="3" z_index="8" m_a="0.992546" m_b="-0.121869" m_c="0.121869" m_d="0.992546" m_tx="1.104972" m_ty="48.911602"/>
   <element name="bestiary_entry" layername="bestiary_entry_lightbulb" frame="1" z_index="7" m_a="0.395089" m_b="0.062486" m_c="-0.062486" m_d="0.395089" m_tx="19.351261" m_ty="57.258751"/>
  </frame>
  <frame idx="200" w="103" h="94" x="0.308624" y="47.042484">
   <element name="bestiary_entry" layername="bestiary_entry_bg" frame="2" z_index="9" m_a="1.000000" m_b="0.000000" m_c="0.000000" m_d="1.000000" m_tx="0.308624" m_ty="47.042484"/>
   <element name="bestiary_entry" layername="bestiary" frame="3" z_index="8" m_a="0.990268" m_b="-0.139173" m_c="0.139173" m_d="0.990268" m_tx="1.104972" m_ty="48.911602"/>
   <element name="bestiary_entry" layername="bestiary_entry_lightbulb" frame="1" z_index="7" m_a="0.395089" m_b="0.062486" m_c="-0.062486" m_d="0.395089" m_tx="19.326260" m_ty="57.408752"/>
  </frame>
  <frame idx="225" w="103" h="94" x="0.308624" y="47.042484">
   <element name="bestiary_entry" layername="bestiary_entry_bg" frame="2" z_index="9" m_a="1.000000" m_b="0.000000" m_c="0.000000" m_d="1.000000" m_tx="0.308624" m_ty="47.042484"/>
   <element name="bestiary_entry" layername="bestiary" frame="3" z_index="8" m_a="0.998630" m_b="-0.052336" m_c="0.052336" m_d="0.998630" m_tx="1.104972" m_ty="48.911602"/>
   <element name="bestiary_entry" layername="bestiary_entry_lightbulb" frame="1" z_index="7" m_a="0.395089" m_b="0.062486" m_c="-0.062486" m_d="0.395089" m_tx="19.301260" m_ty="57.558750"/>
  </frame>
  <frame idx="250" w="103" h="94" x="0.308624" y="47.042484">
   <element name="bestiary_entry" layername="bestiary_entry_bg" frame="2" z_index="9" m_a="1.000000" m_b="0.000000" m_c="0.000000" m_d="1.000000" m_tx="0.308624" m_ty="47.042484"/>
   <element name="bestiary_entry" layername="bestiary" frame="3" z_index="8" m_a="0.999391" m_b="0.034899" m_c="-0.034899" m_d="0.999391" m_tx="1.104972" m_ty="48.911602"/>
   <element name="bestiary_entry" layername="bestiary_entry_lightbulb" frame="1" z_index="7" m_a="0.395089" m_b="0.062486" m_c="-0.062486" m_d="0.395089" m_tx="19.276260" m_ty="57.708752"/>
  </frame>
  <frame idx="275" w="103" h="94" x="0.308624" y="47.042484">
   <element name="bestiary_entry" layername="bestiary_entry_bg" frame="2" z_index="9" m_a="1.000000" m_b="0.000000" m_c="0.000000" m_d="1.000000" m_tx="0.308624" m_ty="47.042484"/>
   <element name="bestiary_entry" layername="bestiary" frame="3" z_index="8" m_a="0.992546" m_b="0.121869" m_c="-0.121869" m_d="0.992546" m_tx="1.104972" m_ty="48.911602"/>
   <element name="bestiary_entry" layername="bestiary_entry_lightbulb" frame="1" z_index="7" m_a="0.395089" m_b="0.062486" m_c="-0.062486" m_d="0.395089" m_tx="19.251261" m_ty="57.858753"/>
  </frame>
  <frame idx="300" w="103" h="94" x="0.308624" y="47.042484">
   <element name="bestiary_entry" layername="bestiary_entry_bg" frame="2" z_index="9" m_a="1.000000" m_b="0.000000" m_c="0.000000" m_d="1.000000" m_tx="0.308624" m_ty="47.042484"/>
   <element name="bestiary_entry" layername="bestiary" frame="3" z_index="8" m_a="0.997564" m_b="0.069756" m_c="-0.069756" m_d="0.997564" m_tx="1.104972" m_ty="48.911602"/>
   <element name="bestiary_entry" layername="bestiary_entry_lightbulb" frame="1" z_index="7" m_a="0.395089" m_b="0.062486" m_c="-0.062486" m_d="0.395089" m_tx="19.226261" m_ty="58.008751"/>
  </frame>
  <frame idx="325" w="103" h="94" x="0.308624" y="47.042484">
   <element name="bestiary_entry" layername="bestiary_entry_bg" frame="2" z_index="9" m_a="1.000000" m_b="0.000000" m_c="0.000000" m_d="1.000000" m_tx="0.308624" m_ty="47.042484"/>
   <element name="bestiary_entry" layername="bestiary" frame="3" z_index="8" m_a="0.999848" m_b="-0.017452" m_c="0.017452" m_d="0.999848" m_tx="1.104972" m_ty="48.911602"/>
   <element name="bestiary_entry" layername="bestiary_entry_lightbulb" frame="1" z_index="7" m_a="0.395089" m_b="0.062486" m_c="-0.062486" m_d="0.395089" m_tx="19.201260" m_ty="58.158752"/>
  </frame>
  <frame idx="350" w="103" h="94" x="0.308624" y="47.042484">
   <element name="bestiary_entry" layername="bestiary_entry_bg" frame="2" z_index="9" m_a="1.000000" m_b="0.000000" m_c="0.000000" m_d="1.000000" m_tx="0.308624" m_ty="47.042484"/>
   <element name="bestiary_entry" layername="bestiary" frame="3" z_index="8" m_a="0.994522" m_b="-0.104529" m_c="0.104529" m_d="0.994522" m_tx="1.104972" m_ty="48.911602"/>
   <element name="bestiary_entry" layername="bestiary_entry_lightbulb" frame="1" z_index="7" m_a="0.395089" m_b="0.062486" m_c="-0.062486" m_d="0.395089" m_tx="19.176260" m_ty="58.308750"/>
  </frame>
  <frame idx="375" w="103" h="94" x="0.308624" y="47.042484">
   <element name="bestiary_entry" layername="bestiary_entry_bg" frame="2" z_index="9" m_a="1.000000" m_b="0.000000" m_c="0.000000" m_d="1.000000" m_tx="0.308624" m_ty="47.042484"/>
   <element name="bestiary_entry" layername="bestiary" frame="3" z_index="8" m_a="0.996195" m_b="-0.087156" m_c="0.087156" m_d="0.996195" m_tx="1.104972" m_ty="48.911602"/>
   <element name="bestiary_entry" layername="bestiary_entry_lightbulb" frame="1" z_index="7" m_a="0.395089" m_b="0.062486" m_c="-0.062486" m_d="0.395089" m_tx="19.151260" m_ty="58.458752"/>
  </frame>
  <frame idx="400" w="103" h="94" x="0.308624" y="47.042484">
   <element name="bestiary_entry" layername="bestiary_entry_bg" frame="2" z_index="9" m_a="1.000000" m_b="0.000000" m_c="0.000000" m_d="1.000000" m_tx="0.308624" m_ty="47.042484"/>
   <element name="bestiary_entry" layername="bestiary" frame="3" z_index="8" m_a="1.000000" m_b="0.000000" m_c="0.000000" m_d="1.000000" m_tx="1.104972" m_ty="48.911602"/>
   <element name="bestiary_entry" layername="bestiary_entry_lightbulb" frame="1" z_index="7" m_a="0.395089" m_b="0.062486" m_c="-0.062486" m_d="0.395089" m_tx="19.126261" m_ty="58.608753"/>
  </frame>
  <frame idx="425" w="103" h="94" x="0.308624" y="47.042484">
   <element name="bestiary_entry" layername="bestiary_entry_bg" frame="2" z_index="9" m_a="1.000000" m_b="0.000000" m_c="0.000000" m_d="1.000000" m_tx="0.308624" m_ty="47.042484"/>
   <element name="bestiary_entry" layername="bestiary" frame="3" z_index="8" m_a="0.996195" m_b="0.087156" m_c="-0.087156" m_d="0.996195" m_tx="1.104972" m_ty="48.911602"/>
   <element name="bestiary_entry" layername="bestiary_entry_lightbulb" frame="1" z_index="7" m_a="0.395089" m_b="0.062486" m_c="-0.062486" m_d="0.395089" m_tx="19.101261" m_ty="58.758751"/>
  </frame>
  <frame idx="450" w="103" h="94" x="0.308624" y="47.042484">
   <element name="bestiary_entry" layername="bestiary_entry_bg" frame="2" z_index="9" m_a="1.000000" m_b="0.000000" m_c="0.000000" m_d="1.000000" m_tx="0.308624" m_ty="47.042484"/>
   <element name="bestiary_entry" layername="bestiary" frame="3" z_index="8" m_a="0.994522" m_b="0.104529" m_c="-0.104529" m_d="0.994522" m_tx="1.104972" m_ty="48.911602"/>
   <element name="bestiary_entry" layername="bestiary_entry_lightbulb" frame="1" z_index="7" m_a="0.395089" m_b="0.062486" m_c="-0.062486" m_d="0.395089" m_tx="19.076260" m_ty="58.908752"/>
  </frame>
  <frame idx="475" w="103" h="94" x="0.308624" y="47.042484">
   <element name="bestiary_entry" layername="bestiary_entry_bg" frame="2" z_index="9" m_a="1.000000" m_b="0.000000" m_c="0.000000" m_d="1.000000" m_tx="0.308624" m_ty="47.042484"/>
   <element name="bestiary_entry" layername="bestiary" frame="3" z_index="8" m_a="0.999848" m_b="0.017452" m_c="-0.017452" m_d="0.999848" m_tx="1.104972" m_ty="48.911602"/>
   <element name="bestiary_entry" layername="bestiary_entry_lightbulb" frame="1" z_index="7" m_a="0.395089" m_b="0.062486" m_c="-0.062486" m_d="0.395089" m_tx="19.051260" m_ty="59.058750"/>
  </frame>
  <frame idx="500" w="103" h="94" x="0.308624" y="47.042484">
   <element name="bestiary_entry" layername="bestiary_entry_bg" frame="2" z_index="9" m_a="1.000000" m_b="0.000000" m_c="0.000000" m_d="1.000000" m_tx="0.308624" m_ty="47.042484"/>
   <element name="bestiary_entry" layername="bestiary" frame="3" z_index="8" m_a="0.997564" m_b="-0.069757" m_c="0.069757" m_d="0.997564" m_tx="1.104972" m_ty="48.911602"/>
   <element name="bestiary_entry" layername="bestiary_entry_lightbulb" frame="1" z_index="7" m_a="0.395089" m_b="0.062486" m_c="-0.062486" m_d="0.395089" m_tx="19.026260" m_ty="59.208752"/>
  </frame>
  <frame idx="525" w="103" h="94" x="0.308624" y="47.042484">
   <element name="bestiary_entry" layername="bestiary_entry_bg" frame="2" z_index="9" m_a="1.000000" m_b="0.000000" m_c="0.000000" m_d="1.000000" m_tx="0.308624" m_ty="47.042484"/>
   <element name="bestiary_entry" layername="bestiary" frame="3" z_index="8" m_a="0.992546" m_b="-0.121869" m_c="0.121869" m_d="0.992546" m_tx="1.104972" m_ty="48.911602"/>
   <element name="bestiary_entry" layername="bestiary_entry_lightbulb" frame="1" z_index="7" m_a="0.395089" m_b="0.062486" m_c="-0.062486" m_d="0.395089" m_tx="19.001261" m_ty="59.358753"/>
  </frame>
  <frame idx="550" w="103" h="94" x="0.308624" y="47.042484">
   <element name="bestiary_entry" layername="bestiary_entry_bg" frame="2" z_index="9" m_a="1.000000" m_b="0.000000" m_c="0.000000" m_d="1.000000" m_tx="0.308624" m_ty="47.042484"/>
   <element name="bestiary_entry" layername="bestiary" frame="3" z_index="8" m_a="0.999391" m_b="-0.034899" m_c="0.034899" m_d="0.999391" m_tx="1.104972" m_ty="48.911602"/>
   <element name="bestiary_entry" layername="bestiary_entry_lightbulb" frame="1" z_index="7" m_a="0.395089" m_b="0.062486" m_c="-0.062486" m_d="0.395089" m_tx="18.976261" m_ty="59.508751"/>
  </frame>
  <frame idx="575" w="103" h="94" x="0.308624" y="47.042484">
   <element name="bestiary_entry" layername="bestiary_entry_bg" frame="2" z_index="9" m_a="1.000000" m_b="0.000000" m_c="0.000000" m_d="1.000000" m_tx="0.308624" m_ty="47.042484"/>
   <element name="bestiary_entry" layername="bestiary" frame="3" z_index="8" m_a="0.998630" m_b="0.052336" m_c="-0.052336" m_d="0.998630" m_tx="1.104972" m_ty="48.911602"/>
   <element name="bestiary_entry" layername="bestiary_entry_lightbulb" frame="1" z_index="7" m_a="0.395089" m_b="0.062486" m_c="-0.062486" m_d="0.395089" m_tx="18.951260" m_ty="59.658752"/>
  </frame>
  <frame idx="600" w="103" h="94" x="0.308624" y="47.042484">
   <element name="bestiary_entry" layername="bestiary_entry_bg" frame="2" z_index="9" m_a="1.000000" m_b="0.000000" m_c="0.000000" m_d="1.000000" m_tx="0.308624" m_ty="47.042484"/>
   <element name="bestiary_entry" layername="bestiary" frame="3" z_index="8" m_a="0.990268" m_b="0.139173" m_c="-0.139173" m_d="0.990268" m_tx="1.104972" m_ty="48.911602"/>
   <element name="bestiary_entry" layername="bestiary_entry_lightbulb" frame="1" z_index="7" m_a="0.395089" m_b="0.062486" m_c="-0.062486" m_d="0.395089" m_tx="18.926260" m_ty="59.808750"/>
  </frame>
  <frame idx="625" w="103" h="94" x="0.308624" y="47.042484">
   <element name="bestiary_entry" layername="bestiary_entry_bg" frame="2" z_index="9" m_a="1.000000" m_b="0.000000" m_c="0.000000" m_d="1.000000" m_tx="0.308624" m_ty="47.042484"/>
   <element name="bestiary_entry" layername="bestiary" frame="3" z_index="8" m_a="0.998630" m_b="0.052336" m_c="-0.052336" m_d="0.998630" m_tx="1.104972" m_ty="48.911602"/>
   <element name="bestiary_entry" layername="bestiary_entry_lightbulb" frame="1" z_index="7" m_a="0.395089" m_b="0.062486" m_c="-0.062486" m_d="0.395089" m_tx="18.901260" m_ty="59.958752"/>
  </frame>
  <frame idx="650" w="103" h="94" x="0.308624" y="47.042484">
   <element name="bestiary_entry" layername="bestiary_entry_bg" frame="2" z_index="9" m_a="1.000000" m_b="0.000000" m_c="0.000000" m_d="1.000000" m_tx="0.308624" m_ty="47.042484"/>
   <element name="bestiary_entry" layername="bestiary" frame="3" z_index="8" m_a="0.999391" m_b="-0.034900" m_c="0.034900" m_d="0.999391" m_tx="1.104972" m_ty="48.911602"/>
   <element name="bestiary_entry" layername="bestiary_entry_lightbulb" frame="1" z_index="7" m_a="0.395089" m_b="0.062486" m_c="-0.062486" m_d="0.395089" m_tx="18.876261" m_ty="60.108753"/>
  </frame>
  <frame idx="675" w="103" h="94" x="0.308624" y="47.042484">
   <element name="bestiary_entry" layername="bestiary_entry_bg" frame="2" z_index="9" m_a="1.000000" m_b="0.000000" m_c="0.000000" m_d="1.000000" m_tx="0.308624" m_ty="47.042484"/>
   <element name="bestiary_entry" layername="bestiary" frame="3" z_index="8" m_a="0.992546" m_b="-0.121869" m_c="0.121869" m_d="0.992546" m_tx="1.104972" m_ty="48.911602"/>
   <element name="bestiary_entry" layername="bestiary_entry_lightbulb" frame="1" z_index="7" m_a="0.395089" m_b="0.062486" m_c="-0.062486" m_d="0.395089" m_tx="18.851261" m_ty="60.258751"/>
  </frame>
  <frame idx="700" w="103" h="94" x="0.308624" y="47.042484">
   <element name="bestiary_entry" layername="bestiary_entry_bg" frame="2" z_index="9" m_a="1.000000" m_b="0.000000" m_c="0.000000" m_d="1.000000" m_tx="0.308624" m_ty="47.042484"/>
   <element name="bestiary_entry" layername="bestiary" frame="3" z_index="8" m_a="0.992115" m_b="-0.125333" m_c="0.125333" m_d="0.992115" m_tx="1.104972" m_ty="48.911602"/>
   <element name="bestiary_entry" layername="bestiary_entry_lightbulb" frame="1" z_index="7" m_a="0.395089" m_b="0.062486" m_c="-0.062486" m_d="0.395089" m_tx="18.826260" m_ty="60.408752"/>
  </frame>
  <frame idx="725" w="103" h="94" x="0.308624" y="47.042484">
   <element name="bestiary_entry" layername="bestiary_entry_bg" frame="2" z_index="9" m_a="1.000000" m_b="0.000000" m_c="0.000000" m_d="1.000000" m_tx="0.308624" m_ty="47.042484"/>
   <element name="bestiary_entry" layername="bestiary" frame="3" z_index="8" m_a="0.994151" m_b="-0.107999" m_c="0.107999" m_d="0.994151" m_tx="1.104972" m_ty="48.911602"/>
   <element name="bestiary_entry" layername="bestiary_entry_lightbulb" frame="1" z_index="7" m_a="0.395089" m_b="0.062486" m_c="-0.062486" m_d="0.395089" m_tx="18.801260" m_ty="60.558754"/>
  </frame>
  <frame idx="750" w="103" h="94" x="0.308624" y="47.042484">
   <element name="bestiary_entry" layername="bestiary_entry_bg" frame="2" z_index="9" m_a="1.000000" m_b="0.000000" m_c="0.000000" m_d="1.000000" m_tx="0.308624" m_ty="47.042484"/>
   <element name="bestiary_entry" layername="bestiary" frame="3" z_index="8" m_a="0.995884" m_b="-0.090633" m_c="0.090633" m_d="0.995884" m_tx="1.104972" m_ty="48.911602"/>
   <element name="bestiary_entry" layername="bestiary_entry_lightbulb" frame="1" z_index="7" m_a="0.395089" m_b="0.062486" m_c="-0.062486" m_d="0.395089" m_tx="18.776260" m_ty="60.708752"/>
  </frame>
  <frame idx="775" w="103" h="94" x="0.308624" y="47.042484">
   <element name="bestiary_entry" layername="bestiary_entry_bg" frame="2" z_index="9" m_a="1.000000" m_b="0.000000" m_c="0.000000" m_d="1.000000" m_tx="0.308624" m_ty="47.042484"/>
   <element name="bestiary_entry" layername="bestiary" frame="3" z_index="8" m_a="0.997314" m_b="-0.073238" m_c="0.073238" m_d="0.997314" m_tx="1.104972" m_ty="48.911602"/>
   <element name="bestiary_entry" layername="bestiary_entry_lightbulb" frame="1" z_index="7" m_a="0.395089" m_b="0.062486" m_c="-0.062486" m_d="0.395089" m_tx="18.751261" m_ty="60.858749"/>
  </frame>
  <frame idx="800" w="103" h="94" x="0.308624" y="47.042484">
   <element name="bestiary_entry" layername="bestiary_entry_bg" frame="2" z_index="9" m_a="1.000000" m_b="0.000000" m_c="0.000000" m_d="1.000000" m_tx="0.308624" m_ty="47.042484"/>
   <element name="bestiary_entry" layername="bestiary" frame="3" z_index="8" m_a="0.998441" m_b="-0.055822" m_c="0.055822" m_d="0.998441" m_tx="1.104972" m_ty="48.911602"/>
   <element name="bestiary_entry" layername="bestiary_entry_lightbulb" frame="1" z_index="7" m_a="0.395089" m_b="0.062486" m_c="-0.062486" m_d="0.395089" m_tx="18.726261" m_ty="61.008751"/>
  </frame>
  <frame idx="825" w="103" h="94" x="0.308624" y="47.042484">
   <element name="bestiary_entry" layername="bestiary_entry_bg" frame="2" z_index="9" m_a="1.000000" m_b="0.000000" m_c="0.000000" m_d="1.000000" m_tx="0.308624" m_ty="47.042484"/>
   <element name="bestiary_entry" layername="bestiary" frame="3" z_index="8" m_a="0.999263" m_b="-0.038388" m_c="0.038388" m_d="0.999263" m_tx="1.104972" m_ty="48.911602"/>
   <element name="bestiary_entry" layername="bestiary_entry_lightbulb" frame="1" z_index="7" m_a="0.395089" m_b="0.062486" m_c="-0.062486" m_d="0.395089" m_tx="18.701260" m_ty="61.158752"/>
  </frame>
  <frame idx="850" w="103" h="94" x="0.308624" y="47.042484">
   <element name="bestiary_entry" layername="bestiary_entry_bg" frame="2" z_index="9" m_a="1.000000" m_b="0.000000" m_c="0.000000" m_d="1.000000" m_tx="0.308624" m_ty="47.042484"/>
   <element name="bestiary_entry" layername="bestiary" frame="3" z_index="8" m_a="0.999781" m_b="-0.020942" m_c="0.020942" m_d="0.999781" m_tx="1.104972" m_ty="48.911602"/>
   <element name="bestiary_entry" layername="bestiary_entry_lightbulb" frame="1" z_index="7" m_a="0.395089" m_b="0.062486" m_c="-0.062486" m_d="0.395089" m_tx="18.676260" m_ty="61.308754"/>
  </frame>
  <frame idx="875" w="103" h="94" x="0.308624" y="47.042484">
   <element name="bestiary_entry" layername="bestiary_entry_bg" frame="2" z_index="9" m_a="1.000000" m_b="0.000000" m_c="0.000000" m_d="1.000000" m_tx="0.308624" m_ty="47.042484"/>
   <element name="bestiary_entry" layername="bestiary" frame="3" z_index="8" m_a="0.999994" m_b="-0.003491" m_c="0.003491" m_d="0.999994" m_tx="1.104972" m_ty="48.911602"/>
   <element name="bestiary_entry" layername="bestiary_entry_lightbulb" frame="1" z_index="7" m_a="0.395089" m_b="0.062486" m_c="-0.062486" m_d="0.395089" m_tx="18.651260" m_ty="61.458752"/>
  </frame>
  <frame idx="900" w="103" h="94" x="0.308624" y="47.042484">
   <element name="bestiary_entry" layername="bestiary_entry_bg" frame="2" z_index="9" m_a="1.000000" m_b="0.000000" m_c="0.000000" m_d="1.000000" m_tx="0.308624" m_ty="47.042484"/>
   <element name="bestiary_entry" layername="bestiary" frame="3" z_index="8" m_a="1.000000" m_b="0.000000" m_c="0.000000" m_d="1.000000" m_tx="1.104972" m_ty="48.911602"/>
   <element name="bestiary_entry" layername="bestiary_entry_lightbulb" frame="1" z_index="7" m_a="0.395089" m_b="0.062486" m_c="-0.062486" m_d="0.395089" m_tx="18.626261" m_ty="61.608749"/>
  </frame>
  <frame idx="925" w="103" h="94" x="0.308624" y="47.042484">
   <element name="bestiary_entry" layername="bestiary_entry_bg" frame="2" z_index="9" m_a="1.000000" m_b="0.000000" m_c="0.000000" m_d="1.000000" m_tx="0.308624" m_ty="47.042484"/>
   <element name="bestiary_entry" layername="bestiary" frame="3" z_index="8" m_a="1.000000" m_b="0.000000" m_c="0.000000" m_d="1.000000" m_tx="1.104972" m_ty="48.911602"/>
   <element name="bestiary_entry" layername="bestiary_entry_lightbulb" frame="1" z_index="7" m_a="0.395089" m_b="0.062486" m_c="-0.062486" m_d="0.395089" m_tx="18.601261" m_ty="61.758751"/>
  </frame>
  <frame idx="950" w="103" h="94" x="0.308624" y="47.042484">
   <element name="bestiary_entry" layername="bestiary_entry_bg" frame="2" z_index="9" m_a="1.000000" m_b="0.000000" m_c="0.000000" m_d="1.000000" m_tx="0.308624" m_ty="47.042484"/>
   <element name="bestiary_entry" layername="bestiary" frame="3" z_index="8" m_a="1.000000" m_b="0.000000" m_c="0.000000" m_d="1.000000" m_tx="1.104972" m_ty="48.911602"/>
   <element name="bestiary_entry" layername="bestiary_entry_lightbulb" frame="1" z_index="7" m_a="0.395089" m_b="0.062486" m_c="-0.062486" m_d="0.395089" m_tx="18.576260" m_ty="61.908752"/>
  </frame>
  <frame idx="975" w="103" h="94" x="0.308624" y="47.042484">
   <element name="bestiary_entry" layername="bestiary_entry_bg" frame="2" z_index="9" m_a="1.000000" m_b="0.000000" m_c="0.000000" m_d="1.000000" m_tx="0.308624" m_ty="47.042484"/>
   <element name="bestiary_entry" layername="bestiary" frame="3" z_index="8" m_a="1.000000" m_b="0.000000" m_c="0.000000" m_d="1.000000" m_tx="1.104972" m_ty="48.911602"/>
   <element name="bestiary_entry" layername="bestiary_entry_lightbulb" frame="1" z_index="7" m_a="0.395089" m_b="0.062486" m_c="-0.062486" m_d="0.395089" m_tx="18.551260" m_ty="62.058754"/>
  </frame>
  <frame idx="1000" w="103" h="94" x="0.308624" y="47.042484">
   <element name="bestiary_entry" layername="bestiary_entry_bg" frame="2" z_index="9" m_a="1.000000" m_b="0.000000" m_c="0.000000" m_d="1.000000" m_tx="0.308624" m_ty="47.042484"/>
   <element name="bestiary_entry" layername="bestiary" frame="3" z_index="8" m_a="1.000000" m_b="0.000000" m_c="0.000000" m_d="1.000000" m_tx="1.104972" m_ty="48.911602"/>
   <element name="bestiary_entry" layername="bestiary_entry_lightbulb" frame="1" z_index="7" m_a="0.395089" m_b="0.062486" m_c="-0.062486" m_d="0.395089" m_tx="18.526260" m_ty="62.208752"/>
  </frame>
  <frame idx="1025" w="103" h="94" x="0.308624" y="47.042484">
   <element name="bestiary_entry" layername="bestiary_entry_bg" frame="2" z_index="9" m_a="1.000000" m_b="0.000000" m_c="0.000000" m_d="1.000000" m_tx="0.308624" m_ty="47.042484"/>
   <element name="bestiary_entry" layername="bestiary" frame="3" z_index="8" m_a="1.000000" m_b="0.000000" m_c="0.000000" m_d="1.000000" m_tx="1.104972" m_ty="48.911602"/>
   <element name="bestiary_entry" layername="bestiary_entry_lightbulb" frame="1" z_index="7" m_a="0.395089" m_b="0.062486" m_c="-0.062486" m_d="0.395089" m_tx="18.551260" m_ty="62.058750"/>
  </frame>
  <frame idx="1050" w="103" h="94" x="0.308624" y="47.042484">
   <element name="bestiary_entry" layername="bestiary_entry_bg" frame="2" z_index="9" m_a="1.000000" m_b="0.000000" m_c="0.000000" m_d="1.000000" m_tx="0.308624" m_ty="47.042484"/>
   <element name="bestiary_entry" layername="bestiary" frame="3" z_index="8" m_a="1.000000" m_b="0.000000" m_c="0.000000" m_d="1.000000" m_tx="1.104972" m_ty="48.911602"/>
   <element name="bestiary_entry" layername="bestiary_entry_lightbulb" frame="1" z_index="7" m_a="0.395089" m_b="0.062486" m_c="-0.062486" m_d="0.395089" m_tx="18.576260" m_ty="61.908752"/>
  </frame>
  <frame idx="1075" w="103" h="94" x="0.308624" y="47.042484">
   <element name="bestiary_entry" layername="bestiary_entry_bg" frame="2" z_index="9" m_a="1.000000" m_b="0.000000" m_c="0.000000" m_d="1.000000" m_tx="0.308624" m_ty="47.042484"/>
   <element name="bestiary_entry" layername="bestiary" frame="3" z_index="8" m_a="1.000000" m_b="0.000000" m_c="0.000000" m_d="1.000000" m_tx="1.104972" m_ty="48.911602"/>
   <element name="bestiary_entry" layername="bestiary_entry_lightbulb" frame="1" z_index="7" m_a="0.395089" m_b="0.062486" m_c="-0.062486" m_d="0.395089" m_tx="18.601261" m_ty="61.758751"/>
  </frame>
  <frame idx="1100" w="103" h="94" x="0.308624" y="47.042484">
   <element name="bestiary_entry" layername="bestiary_entry_bg" frame="2" z_index="9" m_a="1.000000" m_b="0.000000" m_c="0.000000" m_d="1.000000" m_tx="0.308624" m_ty="47.042484"/>
   <element name="bestiary_entry" layername="bestiary" frame="3" z_index="8" m_a="1.000000" m_b="0.000000" m_c="0.000000" m_d="1.000000" m_tx="1.104972" m_ty="48.911602"/>
   <element name="bestiary_entry" layername="bestiary_entry_lightbulb" frame="1" z_index="7" m_a="0.395089" m_b="0.062486" m_c="-0.062486" m_d="0.395089" m_tx="18.626261" m_ty="61.608753"/>
  </frame>
  <frame idx="1125" w="103" h="94" x="0.308624" y="47.042484">
   <element name="bestiary_entry" layername="bestiary_entry_bg" frame="2" z_index="9" m_a="1.000000" m_b="0.000000" m_c="0.000000" m_d="1.000000" m_tx="0.308624" m_ty="47.042484"/>
   <element name="bestiary_entry" layername="bestiary" frame="3" z_index="8" m_a="1.000000" m_b="0.000000" m_c="0.000000" m_d="1.000000" m_tx="1.104972" m_ty="48.911602"/>
   <element name="bestiary_entry" layername="bestiary_entry_lightbulb" frame="1" z_index="7" m_a="0.395089" m_b="0.062486" m_c="-0.062486" m_d="0.395089" m_tx="18.651260" m_ty="61.458752"/>
  </frame>
  <frame idx="1150" w="103" h="94" x="0.308624" y="47.042484">
   <element name="bestiary_entry" layername="bestiary_entry_bg" frame="2" z_index="9" m_a="1.000000" m_b="0.000000" m_c="0.000000" m_d="1.000000" m_tx="0.308624" m_ty="47.042484"/>
   <element name="bestiary_entry" layername="bestiary" frame="3" z_index="8" m_a="1.000000" m_b="0.000000" m_c="0.000000" m_d="1.000000" m_tx="1.104972" m_ty="48.911602"/>
   <element name="bestiary_entry" layername="bestiary_entry_lightbulb" frame="1" z_index="7" m_a="0.395089" m_b="0.062486" m_c="-0.062486" m_d="0.395089" m_tx="18.676260" m_ty="61.308750"/>
  </frame>
  <frame idx="1175" w="103" h="94" x="0.308624" y="47.042484">
   <element name="bestiary_entry" layername="bestiary_entry_bg" frame="2" z_index="9" m_a="1.000000" m_b="0.000000" m_c="0.000000" m_d="1.000000" m_tx="0.308624" m_ty="47.042484"/>
   <element name="bestiary_entry" layername="bestiary" frame="3" z_index="8" m_a="1.000000" m_b="0.000000" m_c="0.000000" m_d="1.000000" m_tx="1.104972" m_ty="48.911602"/>
   <element name="bestiary_entry" layername="bestiary_entry_lightbulb" frame="1" z_index="7" m_a="0.395089" m_b="0.062486" m_c="-0.062486" m_d="0.395089" m_tx="18.701260" m_ty="61.158752"/>
  </frame>
  <frame idx="1200" w="103" h="94" x="0.308624" y="47.042484">
   <element name="bestiary_entry" layername="bestiary_entry_bg" frame="2" z_index="9" m_a="1.000000" m_b="0.000000" m_c="0.000000" m_d="1.000000" m_tx="0.308624" m_ty="47.042484"/>
   <element name="bestiary_entry" layername="bestiary" frame="3" z_index="8" m_a="1.000000" m_b="0.000000" m_c="0.000000" m_d="1.000000" m_tx="1.104972" m_ty="48.911602"/>
   <element name="bestiary_entry" layername="bestiary_entry_lightbulb" frame="1" z_index="7" m_a="0.395089" m_b="0.062486" m_c="-0.062486" m_d="0.395089" m_tx="18.726261" m_ty="61.008751"/>
  </frame>
  <frame idx="1225" w="103" h="94" x="0.308624" y="47.042484">
   <element name="bestiary_entry" layername="bestiary_entry_bg" frame="2" z_index="9" m_a="1.000000" m_b="0.000000" m_c="0.000000" m_d="1.000000" m_tx="0.308624" m_ty="47.042484"/>
   <element name="bestiary_entry" layername="bestiary" frame="3" z_index="8" m_a="1.000000" m_b="0.000000" m_c="0.000000" m_d="1.000000" m_tx="1.104972" m_ty="48.911602"/>
   <element name="bestiary_entry" layername="bestiary_entry_lightbulb" frame="1" z_index="7" m_a="0.395089" m_b="0.062486" m_c="-0.062486" m_d="0.395089" m_tx="18.751261" m_ty="60.858753"/>
  </frame>
  <frame idx="1250" w="103" h="94" x="0.308624" y="47.042484">
   <element name="bestiary_entry" layername="bestiary_entry_bg" frame="2" z_index="9" m_a="1.000000" m_b="0.000000" m_c="0.000000" m_d="1.000000" m_tx="0.308624" m_ty="47.042484"/>
   <element name="bestiary_entry" layername="bestiary" frame="3" z_index="8" m_a="1.000000" m_b="0.000000" m_c="0.000000" m_d="1.000000" m_tx="1.104972" m_ty="48.911602"/>
   <element name="bestiary_entry" layername="bestiary_entry_lightbulb" frame="1" z_index="7" m_a="0.395089" m_b="0.062486" m_c="-0.062486" m_d="0.395089" m_tx="18.776260" m_ty="60.708752"/>
  </frame>
  <frame idx="1275" w="103" h="94" x="0.308624" y="47.042484">
   <element name="bestiary_entry" layername="bestiary_entry_bg" frame="2" z_index="9" m_a="1.000000" m_b="0.000000" m_c="0.000000" m_d="1.000000" m_tx="0.308624" m_ty="47.042484"/>
   <element name="bestiary_entry" layername="bestiary" frame="3" z_index="8" m_a="1.000000" m_b="0.000000" m_c="0.000000" m_d="1.000000" m_tx="1.104972" m_ty="48.911602"/>
   <element name="bestiary_entry" layername="bestiary_entry_lightbulb" frame="1" z_index="7" m_a="0.395089" m_b="0.062486" m_c="-0.062486" m_d="0.395089" m_tx="18.801260" m_ty="60.558750"/>
  </frame>
  <frame idx="1300" w="103" h="94" x="0.308624" y="47.042484">
   <element name="bestiary_entry" layername="bestiary_entry_bg" frame="2" z_index="9" m_a="1.000000" m_b="0.000000" m_c="0.000000" m_d="1.000000" m_tx="0.308624" m_ty="47.042484"/>
   <element name="bestiary_entry" layername="bestiary" frame="3" z_index="8" m_a="1.000000" m_b="0.000000" m_c="0.000000" m_d="1.000000" m_tx="1.104972" m_ty="48.911602"/>
   <element name="bestiary_entry" layername="bestiary_entry_lightbulb" frame="1" z_index="7" m_a="0.395089" m_b="0.062486" m_c="-0.062486" m_d="0.395089" m_tx="18.826260" m_ty="60.408752"/>
  </frame>
  <frame idx="1325" w="103" h="94" x="0.308624" y="47.042484">
   <element name="bestiary_entry" layername="bestiary_entry_bg" frame="2" z_index="9" m_a="1.000000" m_b="0.000000" m_c="0.000000" m_d="1.000000" m_tx="0.308624" m_ty="47.042484"/>
   <element name="bestiary_entry" layername="bestiary" frame="3" z_index="8" m_a="1.000000" m_b="0.000000" m_c="0.000000" m_d="1.000000" m_tx="1.104972" m_ty="48.911602"/>
   <element name="bestiary_entry" layername="bestiary_entry_lightbulb" frame="1" z_index="7" m_a="0.395089" m_b="0.062486" m_c="-0.062486" m_d="0.395089" m_tx="18.851261" m_ty="60.258751"/>
  </frame>
  <frame idx="1350" w="103" h="94" x="0.308624" y="47.042484">
   <element name="bestiary_entry" layername="bestiary_entry_bg" frame="2" z_index="9" m_a="1.000000" m_b="0.000000" m_c="0.000000" m_d="1.000000" m_tx="0.308624" m_ty="47.042484"/>
   <element name="bestiary_entry" layername="bestiary" frame="3" z_index="8" m_a="1.000000" m_b="0.000000" m_c="0.000000" m_d="1.000000" m_tx="1.104972" m_ty="48.911602"/>
   <element name="bestiary_entry" layername="bestiary_entry_lightbulb" frame="1" z_index="7" m_a="0.395089" m_b="0.062486" m_c="-0.062486" m_d="0.395089" m_tx="18.876261" m_ty="60.108753"/>
  </frame>
  <frame idx="1375" w="103" h="94" x="0.308624" y="47.042484">
   <element name="bestiary_entry" layername="bestiary_entry_bg" frame="2" z_index="9" m_a="1.000000" m_b="0.000000" m_c="0.000000" m_d="1.000000" m_tx="0.308624" m_ty="47.042484"/>
   <element name="bestiary_entry" layername="bestiary" frame="3" z_index="8" m_a="1.000000" m_b="0.000000" m_c="0.000000" m_d="1.000000" m_tx="1.104972" m_ty="48.911602"/>
   <element name="bestiary_entry" layername="bestiary_entry_lightbulb" frame="1" z_index="7" m_a="0.395089" m_b="0.062486" m_c="-0.062486" m_d="0.395089" m_tx="18.901260" m_ty="59.958752"/>
  </frame>
  <frame idx="1400" w="103" h="94" x="0.308624" y="47.042484">
   <element name="bestiary_entry" layername="bestiary_entry_bg" frame="2" z_index="9" m_a="1.000000" m_b="0.000000" m_c="0.000000" m_d="1.000000" m_tx="0.308624" m_ty="47.042484"/>
   <element name="bestiary_entry" layername="bestiary" frame="3" z_index="8" m_a="1.000000" m_b="0.000000" m_c="0.000000" m_d="1.000000" m_tx="1.104972" m_ty="48.911602"/>
   <element name="bestiary_entry" layername="bestiary_entry_lightbulb" frame="1" z_index="7" m_a="0.395089" m_b="0.062486" m_c="-0.062486" m_d="0.395089" m_tx="18.926260" m_ty="59.808750"/>
  </frame>
  <frame idx="1425" w="103" h="94" x="0.308624" y="47.042484">
   <element name="bestiary_entry" layername="bestiary_entry_bg" frame="2" z_index="9" m_a="1.000000" m_b="0.000000" m_c="0.000000" m_d="1.000000" m_tx="0.308624" m_ty="47.042484"/>
   <element name="bestiary_entry" layername="bestiary" frame="3" z_index="8" m_a="1.000000" m_b="0.000000" m_c="0.000000" m_d="1.000000" m_tx="1.104972" m_ty="48.911602"/>
   <element name="bestiary_entry" layername="bestiary_entry_lightbulb" frame="1" z_index="7" m_a="0.395089" m_b="0.062486" m_c="-0.062486" m_d="0.395089" m_tx="18.951260" m_ty="59.658752"/>
  </frame>
  <frame idx="1450" w="103" h="94" x="0.308624" y="47.042484">
   <element name="bestiary_entry" layername="bestiary_entry_bg" frame="2" z_index="9" m_a="1.000000" m_b="0.000000" m_c="0.000000" m_d="1.000000" m_tx="0.308624" m_ty="47.042484"/>
   <element name="bestiary_entry" layername="bestiary" frame="3" z_index="8" m_a="1.000000" m_b="0.000000" m_c="0.000000" m_d="1.000000" m_tx="1.104972" m_ty="48.911602"/>
   <element name="bestiary_entry" layername="bestiary_entry_lightbulb" frame="1" z_index="7" m_a="0.395089" m_b="0.062486" m_c="-0.062486" m_d="0.395089" m_tx="18.976261" m_ty="59.508751"/>
  </frame>
  <frame idx="1475" w="103" h="94" x="0.308624" y="47.042484">
   <element name="bestiary_entry" layername="bestiary_entry_bg" frame="2" z_index="9" m_a="1.000000" m_b="0.000000" m_c="0.000000" m_d="1.000000" m_tx="0.308624" m_ty="47.042484"/>
   <element name="bestiary_entry" layername="bestiary" frame="3" z_index="8" m_a="1.000000" m_b="0.000000" m_c="0.000000" m_d="1.000000" m_tx="1.104972" m_ty="48.911602"/>
   <element name="bestiary_entry" layername="bestiary_entry_lightbulb" frame="1" z_index="7" m_a="0.395089" m_b="0.062486" m_c="-0.062486" m_d="0.395089" m_tx="19.001261" m_ty="59.358753"/>
  </frame>
  <frame idx="1500" w="103" h="94" x="0.308624" y="47.042484">
   <element name="bestiary_entry" layername="bestiary_entry_bg" frame="2" z_index="9" m_a="1.000000" m_b="0.000000" m_c="0.000000" m_d="1.000000" m_tx="0.308624" m_ty="47.042484"/>
   <element name="bestiary_entry" layername="bestiary" frame="3" z_index="8" m_a="1.000000" m_b="0.000000" m_c="0.000000" m_d="1.000000" m_tx="1.104972" m_ty="48.911602"/>
   <element name="bestiary_entry" layername="bestiary_entry_lightbulb" frame="1" z_index="7" m_a="0.395089" m_b="0.062486" m_c="-0.062486" m_d="0.395089" m_tx="19.026260" m_ty="59.208752"/>
  </frame>
  <frame idx="1525" w="103" h="94" x="0.308624" y="47.042484">
   <element name="bestiary_entry" layername="bestiary_entry_bg" frame="2" z_index="9" m_a="1.000000" m_b="0.000000" m_c="0.000000" m_d="1.000000" m_tx="0.308624" m_ty="47.042484"/>
   <element name="bestiary_entry" layername="bestiary" frame="3" z_index="8" m_a="1.000000" m_b="0.000000" m_c="0.000000" m_d="1.000000" m_tx="1.104972" m_ty="48.911602"/>
   <element name="bestiary_entry" layername="bestiary_entry_lightbulb" frame="1" z_index="7" m_a="0.395089" m_b="0.062486" m_c="-0.062486" m_d="0.395089" m_tx="19.051260" m_ty="59.058750"/>
  </frame>
  <frame idx="1550" w="103" h="94" x="0.308624" y="47.042484">
   <element name="bestiary_entry" layername="bestiary_entry_bg" frame="2" z_index="9" m_a="1.000000" m_b="0.000000" m_c="0.000000" m_d="1.000000" m_tx="0.308624" m_ty="47.042484"/>
   <element name="bestiary_entry" layername="bestiary" frame="3" z_index="8" m_a="1.000000" m_b="0.000000" m_c="0.000000" m_d="1.000000" m_tx="1.104972" m_ty="48.911602"/>
   <element name="bestiary_entry" layername="bestiary_entry_lightbulb" frame="1" z_index="7" m_a="0.395089" m_b="0.062486" m_c="-0.062486" m_d="0.395089" m_tx="19.076260" m_ty="58.908752"/>
  </frame>
  <frame idx="1575" w="103" h="94" x="0.308624" y="47.042484">
   <element name="bestiary_entry" layername="bestiary_entry_bg" frame="2" z_index="9" m_a="1.000000" m_b="0.000000" m_c="0.000000" m_d="1.000000" m_tx="0.308624" m_ty="47.042484"/>
   <element name="bestiary_entry" layername="bestiary" frame="3" z_index="8" m_a="1.000000" m_b="0.000000" m_c="0.000000" m_d="1.000000" m_tx="1.104972" m_ty="48.911602"/>
   <element name="bestiary_entry" layername="bestiary_entry_lightbulb" frame="1" z_index="7" m_a="0.395089" m_b="0.062486" m_c="-0.062486" m_d="0.395089" m_tx="19.101261" m_ty="58.758751"/>
  </frame>
  <frame idx="1600" w="103" h="94" x="0.308624" y="47.042484">
   <element name="bestiary_entry" layername="bestiary_entry_bg" frame="2" z_index="9" m_a="1.000000" m_b="0.000000" m_c="0.000000" m_d="1.000000" m_tx="0.308624" m_ty="47.042484"/>
   <element name="bestiary_entry" layername="bestiary" frame="3" z_index="8" m_a="1.000000" m_b="0.000000" m_c="0.000000" m_d="1.000000" m_tx="1.104972" m_ty="48.911602"/>
   <element name="bestiary_entry" layername="bestiary_entry_lightbulb" frame="1" z_index="7" m_a="0.395089" m_b="0.062486" m_c="-0.062486" m_d="0.395089" m_tx="19.126261" m_ty="58.608753"/>
  </frame>
  <frame idx="1625" w="103" h="94" x="0.308624" y="47.042484">
   <element name="bestiary_entry" layername="bestiary_entry_bg" frame="2" z_index="9" m_a="1.000000" m_b="0.000000" m_c="0.000000" m_d="1.000000" m_tx="0.308624" m_ty="47.042484"/>
   <element name="bestiary_entry" layername="bestiary" frame="3" z_index="8" m_a="1.000000" m_b="0.000000" m_c="0.000000" m_d="1.000000" m_tx="1.104972" m_ty="48.911602"/>
   <element name="bestiary_entry" layername="bestiary_entry_lightbulb" frame="1" z_index="7" m_a="0.395089" m_b="0.062486" m_c="-0.062486" m_d="0.395089" m_tx="19.151260" m_ty="58.458752"/>
  </frame>
  <frame idx="1650" w="103" h="94" x="0.308624" y="47.042484">
   <element name="bestiary_entry" layername="bestiary_entry_bg" frame="2" z_index="9" m_a="1.000000" m_b="0.000000" m_c="0.000000" m_d="1.000000" m_tx="0.308624" m_ty="47.042484"/>
   <element name="bestiary_entry" layername="bestiary" frame="3" z_index="8" m_a="1.000000" m_b="0.000000" m_c="0.000000" m_d="1.000000" m_tx="1.104972" m_ty="48.911602"/>
   <element name="bestiary_entry" layername="bestiary_entry_lightbulb" frame="1" z_index="7" m_a="0.395089" m_b="0.062486" m_c="-0.062486" m_d="0.395089" m_tx="19.176260" m_ty="58.308750"/>
  </frame>
  <frame idx="1675" w="103" h="94" x="0.308624" y="47.042484">
   <element name="bestiary_entry" layername="bestiary_entry_bg" frame="2" z_index="9" m_a="1.000000" m_b="0.000000" m_c="0.000000" m_d="1.000000" m_tx="0.308624" m_ty="47.042484"/>
   <element name="bestiary_entry" layername="bestiary" frame="3" z_index="8" m_a="1.000000" m_b="0.000000" m_c="0.000000" m_d="1.000000" m_tx="1.104972" m_ty="48.911602"/>
   <element name="bestiary_entry" layername="bestiary_entry_lightbulb" frame="1" z_index="7" m_a="0.395089" m_b="0.062486" m_c="-0.062486" m_d="0.395089" m_tx="19.201260" m_ty="58.158752"/>
  </frame>
  <frame idx="1700" w="103" h="94" x="0.308624" y="47.042484">
   <element name="bestiary_entry" layername="bestiary_entry_bg" frame="2" z_index="9" m_a="1.000000" m_b="0.000000" m_c="0.000000" m_d="1.000000" m_tx="0.308624" m_ty="47.042484"/>
   <element name="bestiary_entry" layername="bestiary" frame="3" z_index="8" m_a="1.000000" m_b="0.000000" m_c="0.000000" m_d="1.000000" m_tx="1.104972" m_ty="48.911602"/>
   <element name="bestiary_entry" layername="bestiary_entry_lightbulb" frame="1" z_index="7" m_a="0.395089" m_b="0.062486" m_c="-0.062486" m_d="0.395089" m_tx="19.226261" m_ty="58.008751"/>
  </frame>
  <frame idx="1725" w="103" h="94" x="0.308624" y="47.042484">
   <element name="bestiary_entry" layername="bestiary_entry_bg" frame="2" z_index="9" m_a="1.000000" m_b="0.000000" m_c="0.000000" m_d="1.000000" m_tx="0.308624" m_ty="47.042484"/>
   <element name="bestiary_entry" layername="bestiary" frame="3" z_index="8" m_a="1.000000" m_b="0.000000" m_c="0.000000" m_d="1.000000" m_tx="1.104972" m_ty="48.911602"/>
   <element name="bestiary_entry" layername="bestiary_entry_lightbulb" frame="1" z_index="7" m_a="0.395089" m_b="0.062486" m_c="-0.062486" m_d="0.395089" m_tx="19.251261" m_ty="57.858749"/>
  </frame>
  <frame idx="1750" w="103" h="94" x="0.308624" y="47.042484">
   <element name="bestiary_entry" layername="bestiary_entry_bg" frame="2" z_index="9" m_a="1.000000" m_b="0.000000" m_c="0.000000" m_d="1.000000" m_tx="0.308624" m_ty="47.042484"/>
   <element name="bestiary_entry" layername="bestiary" frame="3" z_index="8" m_a="1.000000" m_b="0.000000" m_c="0.000000" m_d="1.000000" m_tx="1.104972" m_ty="48.911602"/>
   <element name="bestiary_entry" layername="bestiary_entry_lightbulb" frame="1" z_index="7" m_a="0.395089" m_b="0.062486" m_c="-0.062486" m_d="0.395089" m_tx="19.276260" m_ty="57.708752"/>
  </frame>
  <frame idx="1775" w="103" h="94" x="0.308624" y="47.042484">
   <element name="bestiary_entry" layername="bestiary_entry_bg" frame="2" z_index="9" m_a="1.000000" m_b="0.000000" m_c="0.000000" m_d="1.000000" m_tx="0.308624" m_ty="47.042484"/>
   <element name="bestiary_entry" layername="bestiary" frame="3" z_index="8" m_a="1.000000" m_b="0.000000" m_c="0.000000" m_d="1.000000" m_tx="1.104972" m_ty="48.911602"/>
   <element name="bestiary_entry" layername="bestiary_entry_lightbulb" frame="1" z_index="7" m_a="0.395089" m_b="0.062486" m_c="-0.062486" m_d="0.395089" m_tx="19.301260" m_ty="57.558754"/>
  </frame>
  <frame idx="1800" w="103" h="94" x="0.308624" y="47.042484">
   <element name="bestiary_entry" layername="bestiary_entry_bg" frame="2" z_index="9" m_a="1.000000" m_b="0.000000" m_c="0.000000" m_d="1.000000" m_tx="0.308624" m_ty="47.042484"/>
   <element name="bestiary_entry" layername="bestiary" frame="3" z_index="8" m_a="1.000000" m_b="0.000000" m_c="0.000000" m_d="1.000000" m_tx="1.104972" m_ty="48.911602"/>
   <element name="bestiary_entry" layername="bestiary_entry_lightbulb" frame="1" z_index="7" m_a="0.395089" m_b="0.062486" m_c="-0.062486" m_d="0.395089" m_tx="19.326260" m_ty="57.408752"/>
  </frame>
  <frame idx="1825" w="103" h="94" x="0.308624" y="47.042484">
   <element name="bestiary_entry" layername="bestiary_entry_bg" frame="2" z_index="9" m_a="1.000000" m_b="0.000000" m_c="0.000000" m_d="1.000000" m_tx="0.308624" m_ty="47.042484"/>
   <element name="bestiary_entry" layername="bestiary" frame="3" z_index="8" m_a="1.000000" m_b="0.000000" m_c="0.000000" m_d="1.000000" m_tx="1.104972" m_ty="48.911602"/>
   <element name="bestiary_entry" layername="bestiary_entry_lightbulb" frame="1" z_index="7" m_a="0.395089" m_b="0.062486" m_c="-0.062486" m_d="0.395089" m_tx="19.351261" m_ty="57.258751"/>
  </frame>
  <frame idx="1850" w="103" h="94" x="0.308624" y="47.042484">
   <element name="bestiary_entry" layername="bestiary_entry_bg" frame="2" z_index="9" m_a="1.000000" m_b="0.000000" m_c="0.000000" m_d="1.000000" m_tx="0.308624" m_ty="47.042484"/>
   <element name="bestiary_entry" layername="bestiary" frame="3" z_index="8" m_a="1.000000" m_b="0.000000" m_c="0.000000" m_d="1.000000" m_tx="1.104972" m_ty="48.911602"/>
   <element name="bestiary_entry" layername="bestiary_entry_lightbulb" frame="1" z_index="7" m_a="0.395089" m_b="0.062486" m_c="-0.062486" m_d="0.395089" m_tx="19.376261" m_ty="57.108749"/>
  </frame>
  <frame idx="1875" w="103" h="94" x="0.308624" y="47.042484">
   <element name="bestiary_entry" layername="bestiary_entry_bg" frame="2" z_index="9" m_a="1.000000" m_b="0.000000" m_c="0.000000" m_d="1.000000" m_tx="0.308624" m_ty="47.042484"/>
   <element name="bestiary_entry" layername="bestiary" frame="3" z_index="8" m_a="1.000000" m_b="0.000000" m_c="0.000000" m_d="1.000000" m_tx="1.104972" m_ty="48.911602"/>
   <element name="bestiary_entry" layername="bestiary_entry_lightbulb" frame="1" z_index="7" m_a="0.395089" m_b="0.062486" m_c="-0.062486" m_d="0.395089" m_tx="19.401260" m_ty="56.958752"/>
  </frame>
  <frame idx="1900" w="103" h="94" x="0.308624" y="47.042484">
   <element name="bestiary_entry" layername="bestiary_entry_bg" frame="2" z_index="9" m_a="1.000000" m_b="0.000000" m_c="0.000000" m_d="1.000000" m_tx="0.308624" m_ty="47.042484"/>
   <element name="bestiary_entry" layername="bestiary" frame="3" z_index="8" m_a="1.000000" m_b="0.000000" m_c="0.000000" m_d="1.000000" m_tx="1.104972" m_ty="48.911602"/>
   <element name="bestiary_entry" layername="bestiary_entry_lightbulb" frame="1" z_index="7" m_a="0.395089" m_b="0.062486" m_c="-0.062486" m_d="0.395089" m_tx="19.426260" m_ty="56.808754"/>
  </frame>
  <frame idx="1925" w="103" h="94" x="0.308624" y="47.042484">
   <element name="bestiary_entry" layername="bestiary_entry_bg" frame="2" z_index="9" m_a="1.000000" m_b="0.000000" m_c="0.000000" m_d="1.000000" m_tx="0.308624" m_ty="47.042484"/>
   <element name="bestiary_entry" layername="bestiary" frame="3" z_index="8" m_a="1.000000" m_b="0.000000" m_c="0.000000" m_d="1.000000" m_tx="1.104972" m_ty="48.911602"/>
   <element name="bestiary_entry" layername="bestiary_entry_lightbulb" frame="1" z_index="7" m_a="0.395089" m_b="0.062486" m_c="-0.062486" m_d="0.395089" m_tx="19.451260" m_ty="56.658752"/>
  </frame>
  <frame idx="1950" w="103" h="94" x="0.308624" y="47.042484">
   <element name="bestiary_entry" layername="bestiary_entry_bg" frame="2" z_index="9" m_a="1.000000" m_b="0.000000" m_c="0.000000" m_d="1.000000" m_tx="0.308624" m_ty="47.042484"/>
   <element name="bestiary_entry" layername="bestiary" frame="3" z_index="8" m_a="1.000000" m_b="0.000000" m_c="0.000000" m_d="1.000000" m_tx="1.104972" m_ty="48.911602"/>
   <element name="bestiary_entry" layername="bestiary_entry_lightbulb" frame="1" z_index="7" m_a="0.395089" m_b="0.062486" m_c="-0.062486" m_d="0.395089" m_tx="19.476261" m_ty="56.508751"/>
  </frame>
  <frame idx="1975" w="103" h="94" x="0.308624" y="47.042484">
   <element name="bestiary_entry" layername="bestiary_entry_bg" frame="2" z_index="9" m_a="1.000000" m_b="0.000000" m_c="0.000000" m_d="1.000000" m_tx="0.308624" m_ty="47.042484"/>
   <element name="bestiary_entry" layername="bestiary" frame="3" z_index="8" m_a="1.000000" m_b="0.000000" m_c="0.000000" m_d="1.000000" m_tx="1.104972" m_ty="48.911602"/>
   <element name="bestiary_entry" layername="bestiary_entry_lightbulb" frame="1" z_index="7" m_a="0.395089" m_b="0.062486" m_c="-0.062486" m_d="0.395089" m_tx="19.501261" m_ty="56.358749"/>
  </frame>
 </anim>
</Anims>
